sample_id,population,region,order,sample_index,K,cluster,ancestry
ST10L20,CP2,Central,1,1,K=2,Cluster1,0.99999
ST10L20,CP2,Central,1,1,K=2,Cluster2,1e-5
ST10L27,CP2,Central,2,2,K=2,Cluster1,0.99999
ST10L27,CP2,Central,2,2,K=2,Cluster2,1e-5
ST11L6,CP2,Central,3,3,K=2,Cluster1,0.99999
ST11L6,CP2,Central,3,3,K=2,Cluster2,1e-5
ST12L23,CP2,Central,4,4,K=2,Cluster1,0.99999
ST12L23,CP2,Central,4,4,K=2,Cluster2,1e-5
ST1L3,CP2,Central,6,6,K=2,Cluster1,0.99999
ST1L3,CP2,Central,6,6,K=2,Cluster2,1e-5
ST1L43,CP2,Central,7,7,K=2,Cluster1,0.99999
ST1L43,CP2,Central,7,7,K=2,Cluster2,1e-5
ST1L47,CP2,Central,8,8,K=2,Cluster1,0.99999
ST1L47,CP2,Central,8,8,K=2,Cluster2,1e-5
ST8L28,CP2,Central,9,9,K=2,Cluster1,0.99999
ST8L28,CP2,Central,9,9,K=2,Cluster2,1e-5
ST9L35,CP2,Central,10,10,K=2,Cluster1,0.99999
ST9L35,CP2,Central,10,10,K=2,Cluster2,1e-5
ST9L49,CP2,Central,11,11,K=2,Cluster1,0.99999
ST9L49,CP2,Central,11,11,K=2,Cluster2,1e-5
ST11L22,WL,Central,1,12,K=2,Cluster1,0.99999
ST11L22,WL,Central,1,12,K=2,Cluster2,1e-5
ST12L12,WL,Central,2,13,K=2,Cluster1,0.99999
ST12L12,WL,Central,2,13,K=2,Cluster2,1e-5
ST13L45,WL,Central,3,14,K=2,Cluster1,0.99999
ST13L45,WL,Central,3,14,K=2,Cluster2,1e-5
ST14L48,WL,Central,4,15,K=2,Cluster1,0.994917
ST14L48,WL,Central,4,15,K=2,Cluster2,0.005083
ST16L33,WL,Central,5,16,K=2,Cluster1,0.99999
ST16L33,WL,Central,5,16,K=2,Cluster2,1e-5
ST17L5,WL,Central,6,17,K=2,Cluster1,0.99999
ST17L5,WL,Central,6,17,K=2,Cluster2,1e-5
ST4L31,WL,Central,7,18,K=2,Cluster1,0.99999
ST4L31,WL,Central,7,18,K=2,Cluster2,1e-5
ST5L35,WL,Central,8,19,K=2,Cluster1,0.99999
ST5L35,WL,Central,8,19,K=2,Cluster2,1e-5
ST7L5,WL,Central,9,20,K=2,Cluster1,0.99999
ST7L5,WL,Central,9,20,K=2,Cluster2,1e-5
ST8L27,WL,Central,10,21,K=2,Cluster1,0.99999
ST8L27,WL,Central,10,21,K=2,Cluster2,1e-5
ST10L7,WL,Central,11,22,K=2,Cluster1,0.99999
ST10L7,WL,Central,11,22,K=2,Cluster2,1e-5
ST11L23,WL,Central,12,23,K=2,Cluster1,0.99999
ST11L23,WL,Central,12,23,K=2,Cluster2,1e-5
ST12L46,WL,Central,13,24,K=2,Cluster1,0.99999
ST12L46,WL,Central,13,24,K=2,Cluster2,1e-5
ST14L13,WL,Central,14,25,K=2,Cluster1,0.99999
ST14L13,WL,Central,14,25,K=2,Cluster2,1e-5
ST15L17,WL,Central,15,26,K=2,Cluster1,0.99999
ST15L17,WL,Central,15,26,K=2,Cluster2,1e-5
ST15L33,WL,Central,16,27,K=2,Cluster1,0.99999
ST15L33,WL,Central,16,27,K=2,Cluster2,1e-5
ST4L45,WL,Central,17,28,K=2,Cluster1,0.99999
ST4L45,WL,Central,17,28,K=2,Cluster2,1e-5
ST4L6,WL,Central,18,29,K=2,Cluster1,0.99999
ST4L6,WL,Central,18,29,K=2,Cluster2,1e-5
ST6L3,WL,Central,19,30,K=2,Cluster1,0.99999
ST6L3,WL,Central,19,30,K=2,Cluster2,1e-5
ST7L15,WL,Central,20,31,K=2,Cluster1,0.99999
ST7L15,WL,Central,20,31,K=2,Cluster2,1e-5
ST9L14,WL,Central,21,32,K=2,Cluster1,0.99999
ST9L14,WL,Central,21,32,K=2,Cluster2,1e-5
ST10L36,WL,Central,22,33,K=2,Cluster1,0.99999
ST10L36,WL,Central,22,33,K=2,Cluster2,1e-5
ST12L42,WL,Central,23,34,K=2,Cluster1,0.99999
ST12L42,WL,Central,23,34,K=2,Cluster2,1e-5
ST1L41,WL,Central,24,35,K=2,Cluster1,0.99999
ST1L41,WL,Central,24,35,K=2,Cluster2,1e-5
ST2L24,WL,Central,25,36,K=2,Cluster1,0.99999
ST2L24,WL,Central,25,36,K=2,Cluster2,1e-5
ST4L5,WL,Central,26,37,K=2,Cluster1,0.99999
ST4L5,WL,Central,26,37,K=2,Cluster2,1e-5
ST6L17,WL,Central,27,38,K=2,Cluster1,0.99999
ST6L17,WL,Central,27,38,K=2,Cluster2,1e-5
ST6L47,WL,Central,28,39,K=2,Cluster1,0.99999
ST6L47,WL,Central,28,39,K=2,Cluster2,1e-5
ST9L18,WL,Central,29,40,K=2,Cluster1,0.944604
ST9L18,WL,Central,29,40,K=2,Cluster2,0.055396
ST9L5,WL,Central,30,41,K=2,Cluster1,0.99999
ST9L5,WL,Central,30,41,K=2,Cluster2,1e-5
ST13L41,DPR,Northern,1,42,K=2,Cluster1,0.77051
ST13L41,DPR,Northern,1,42,K=2,Cluster2,0.22949
ST15L21,DPR,Northern,2,43,K=2,Cluster1,0.762731
ST15L21,DPR,Northern,2,43,K=2,Cluster2,0.237269
ST1L11,DPR,Northern,3,44,K=2,Cluster1,0.76239
ST1L11,DPR,Northern,3,44,K=2,Cluster2,0.23761
ST1L8,DPR,Northern,4,45,K=2,Cluster1,0.758598
ST1L8,DPR,Northern,4,45,K=2,Cluster2,0.241402
ST2L39,DPR,Northern,5,46,K=2,Cluster1,0.762875
ST2L39,DPR,Northern,5,46,K=2,Cluster2,0.237125
ST4L23,DPR,Northern,6,47,K=2,Cluster1,0.761029
ST4L23,DPR,Northern,6,47,K=2,Cluster2,0.238971
ST4L27,DPR,Northern,7,48,K=2,Cluster1,0.763899
ST4L27,DPR,Northern,7,48,K=2,Cluster2,0.236101
ST5L46,DPR,Northern,8,49,K=2,Cluster1,0.757429
ST5L46,DPR,Northern,8,49,K=2,Cluster2,0.242571
ST8L17,DPR,Northern,9,50,K=2,Cluster1,0.768061
ST8L17,DPR,Northern,9,50,K=2,Cluster2,0.231939
ST8L29,DPR,Northern,10,51,K=2,Cluster1,0.762367
ST8L29,DPR,Northern,10,51,K=2,Cluster2,0.237633
ST9L36,DPR,Northern,11,52,K=2,Cluster1,0.761684
ST9L36,DPR,Northern,11,52,K=2,Cluster2,0.238316
ST14L33,IH,Northern,1,53,K=2,Cluster1,0.853697
ST14L33,IH,Northern,1,53,K=2,Cluster2,0.146303
ST16L9,IH,Northern,2,54,K=2,Cluster1,0.862891
ST16L9,IH,Northern,2,54,K=2,Cluster2,0.137109
ST1L29,IH,Northern,3,55,K=2,Cluster1,0.857261
ST1L29,IH,Northern,3,55,K=2,Cluster2,0.142739
ST1L30,IH,Northern,4,56,K=2,Cluster1,0.842023
ST1L30,IH,Northern,4,56,K=2,Cluster2,0.157977
ST2L28,IH,Northern,5,57,K=2,Cluster1,0.852102
ST2L28,IH,Northern,5,57,K=2,Cluster2,0.147898
ST3L7,IH,Northern,6,58,K=2,Cluster1,0.846632
ST3L7,IH,Northern,6,58,K=2,Cluster2,0.153368
ST4L44,IH,Northern,7,59,K=2,Cluster1,0.861565
ST4L44,IH,Northern,7,59,K=2,Cluster2,0.138435
ST5L6,IH,Northern,8,60,K=2,Cluster1,0.862689
ST5L6,IH,Northern,8,60,K=2,Cluster2,0.137311
ST7L9,IH,Northern,9,61,K=2,Cluster1,0.863028
ST7L9,IH,Northern,9,61,K=2,Cluster2,0.136972
ST8L20,IH,Northern,10,62,K=2,Cluster1,0.865257
ST8L20,IH,Northern,10,62,K=2,Cluster2,0.134743
ST8L31,IH,Northern,11,63,K=2,Cluster1,0.868157
ST8L31,IH,Northern,11,63,K=2,Cluster2,0.131843
ST12L24,LV,Northern,1,64,K=2,Cluster1,1e-5
ST12L24,LV,Northern,1,64,K=2,Cluster2,0.99999
ST13L12,LV,Northern,2,65,K=2,Cluster1,1e-5
ST13L12,LV,Northern,2,65,K=2,Cluster2,0.99999
ST15L25,LV,Northern,3,66,K=2,Cluster1,1e-5
ST15L25,LV,Northern,3,66,K=2,Cluster2,0.99999
ST16L46,LV,Northern,4,67,K=2,Cluster1,1e-5
ST16L46,LV,Northern,4,67,K=2,Cluster2,0.99999
ST2L35,LV,Northern,5,68,K=2,Cluster1,1e-5
ST2L35,LV,Northern,5,68,K=2,Cluster2,0.99999
ST4L36,LV,Northern,6,69,K=2,Cluster1,1e-5
ST4L36,LV,Northern,6,69,K=2,Cluster2,0.99999
ST5L19,LV,Northern,7,70,K=2,Cluster1,1e-5
ST5L19,LV,Northern,7,70,K=2,Cluster2,0.99999
ST5L44,LV,Northern,8,71,K=2,Cluster1,1e-5
ST5L44,LV,Northern,8,71,K=2,Cluster2,0.99999
ST6L2,LV,Northern,9,72,K=2,Cluster1,1e-5
ST6L2,LV,Northern,9,72,K=2,Cluster2,0.99999
ST9L24,LV,Northern,10,73,K=2,Cluster1,1e-5
ST9L24,LV,Northern,10,73,K=2,Cluster2,0.99999
ST1L27,LV,Northern,11,74,K=2,Cluster1,1e-5
ST1L27,LV,Northern,11,74,K=2,Cluster2,0.99999
ST3L3,LV,Northern,12,75,K=2,Cluster1,1e-5
ST3L3,LV,Northern,12,75,K=2,Cluster2,0.99999
ST4L25,LV,Northern,13,76,K=2,Cluster1,1e-5
ST4L25,LV,Northern,13,76,K=2,Cluster2,0.99999
ST6L12,LV,Northern,14,77,K=2,Cluster1,1e-5
ST6L12,LV,Northern,14,77,K=2,Cluster2,0.99999
ST6L16,LV,Northern,15,78,K=2,Cluster1,1e-5
ST6L16,LV,Northern,15,78,K=2,Cluster2,0.99999
ST6L44,LV,Northern,16,79,K=2,Cluster1,1e-5
ST6L44,LV,Northern,16,79,K=2,Cluster2,0.99999
ST8L4,LV,Northern,17,80,K=2,Cluster1,1e-5
ST8L4,LV,Northern,17,80,K=2,Cluster2,0.99999
ST8L44,LV,Northern,18,81,K=2,Cluster1,1e-5
ST8L44,LV,Northern,18,81,K=2,Cluster2,0.99999
ST9L44,LV,Northern,19,82,K=2,Cluster1,1e-5
ST9L44,LV,Northern,19,82,K=2,Cluster2,0.99999
ST12L36,LV,Northern,20,83,K=2,Cluster1,1e-5
ST12L36,LV,Northern,20,83,K=2,Cluster2,0.99999
ST12L5,LV,Northern,21,84,K=2,Cluster1,1e-5
ST12L5,LV,Northern,21,84,K=2,Cluster2,0.99999
ST13L9,LV,Northern,22,85,K=2,Cluster1,1e-5
ST13L9,LV,Northern,22,85,K=2,Cluster2,0.99999
ST15L40,LV,Northern,23,86,K=2,Cluster1,1e-5
ST15L40,LV,Northern,23,86,K=2,Cluster2,0.99999
ST1L2,LV,Northern,24,87,K=2,Cluster1,1e-5
ST1L2,LV,Northern,24,87,K=2,Cluster2,0.99999
ST1L32,LV,Northern,25,88,K=2,Cluster1,1e-5
ST1L32,LV,Northern,25,88,K=2,Cluster2,0.99999
ST2L18,LV,Northern,26,89,K=2,Cluster1,1e-5
ST2L18,LV,Northern,26,89,K=2,Cluster2,0.99999
ST3L8,LV,Northern,27,90,K=2,Cluster1,1e-5
ST3L8,LV,Northern,27,90,K=2,Cluster2,0.99999
ST4L9,LV,Northern,28,91,K=2,Cluster1,1e-5
ST4L9,LV,Northern,28,91,K=2,Cluster2,0.99999
ST13L43,LV,Northern,29,92,K=2,Cluster1,1e-5
ST13L43,LV,Northern,29,92,K=2,Cluster2,0.99999
ST10L22,LV,Northern,30,93,K=2,Cluster1,1e-5
ST10L22,LV,Northern,30,93,K=2,Cluster2,0.99999
ST11L35,LV,Northern,31,94,K=2,Cluster1,1e-5
ST11L35,LV,Northern,31,94,K=2,Cluster2,0.99999
ST12L25,LV,Northern,32,95,K=2,Cluster1,1e-5
ST12L25,LV,Northern,32,95,K=2,Cluster2,0.99999
ST13L38,LV,Northern,33,96,K=2,Cluster1,1e-5
ST13L38,LV,Northern,33,96,K=2,Cluster2,0.99999
ST14L16,LV,Northern,34,97,K=2,Cluster1,1e-5
ST14L16,LV,Northern,34,97,K=2,Cluster2,0.99999
ST3L29,LV,Northern,35,98,K=2,Cluster1,1e-5
ST3L29,LV,Northern,35,98,K=2,Cluster2,0.99999
ST4L4,LV,Northern,36,99,K=2,Cluster1,1e-5
ST4L4,LV,Northern,36,99,K=2,Cluster2,0.99999
ST4L48,LV,Northern,37,100,K=2,Cluster1,1e-5
ST4L48,LV,Northern,37,100,K=2,Cluster2,0.99999
ST9L39,LV,Northern,38,101,K=2,Cluster1,1e-5
ST9L39,LV,Northern,38,101,K=2,Cluster2,0.99999
ST15L50,SHA,Northern,1,102,K=2,Cluster1,0.354548
ST15L50,SHA,Northern,1,102,K=2,Cluster2,0.645452
ST16L50,SHA,Northern,2,103,K=2,Cluster1,0.352994
ST16L50,SHA,Northern,2,103,K=2,Cluster2,0.647006
ST17L14,SHA,Northern,3,104,K=2,Cluster1,0.355922
ST17L14,SHA,Northern,3,104,K=2,Cluster2,0.644078
ST17L20,SHA,Northern,4,105,K=2,Cluster1,0.364078
ST17L20,SHA,Northern,4,105,K=2,Cluster2,0.635922
ST1L50,SHA,Northern,5,106,K=2,Cluster1,0.358483
ST1L50,SHA,Northern,5,106,K=2,Cluster2,0.641517
ST3L2D5,SHA,Northern,6,107,K=2,Cluster1,0.363727
ST3L2D5,SHA,Northern,6,107,K=2,Cluster2,0.636273
ST9L50,SHA,Northern,7,108,K=2,Cluster1,0.35818
ST9L50,SHA,Northern,7,108,K=2,Cluster2,0.64182
ST10L13,TM2,Northern,1,109,K=2,Cluster1,0.612433
ST10L13,TM2,Northern,1,109,K=2,Cluster2,0.387567
ST11L37,TM2,Northern,2,110,K=2,Cluster1,0.61295
ST11L37,TM2,Northern,2,110,K=2,Cluster2,0.38705
ST13L4,TM2,Northern,3,111,K=2,Cluster1,0.606276
ST13L4,TM2,Northern,3,111,K=2,Cluster2,0.393724
ST14L10,TM2,Northern,4,112,K=2,Cluster1,0.601901
ST14L10,TM2,Northern,4,112,K=2,Cluster2,0.398099
ST14L40,TM2,Northern,5,113,K=2,Cluster1,0.609077
ST14L40,TM2,Northern,5,113,K=2,Cluster2,0.390923
ST15L31,TM2,Northern,6,114,K=2,Cluster1,0.599286
ST15L31,TM2,Northern,6,114,K=2,Cluster2,0.400714
ST5L42,TM2,Northern,7,115,K=2,Cluster1,0.597206
ST5L42,TM2,Northern,7,115,K=2,Cluster2,0.402794
ST6L39,TM2,Northern,8,116,K=2,Cluster1,0.603394
ST6L39,TM2,Northern,8,116,K=2,Cluster2,0.396606
ST7L14,TM2,Northern,9,117,K=2,Cluster1,0.594963
ST7L14,TM2,Northern,9,117,K=2,Cluster2,0.405037
ST9L6,TM2,Northern,10,118,K=2,Cluster1,0.605646
ST9L6,TM2,Northern,10,118,K=2,Cluster2,0.394354
ST10L10,WV,Northern,1,119,K=2,Cluster1,0.324502
ST10L10,WV,Northern,1,119,K=2,Cluster2,0.675498
ST12L30,WV,Northern,2,120,K=2,Cluster1,0.32609
ST12L30,WV,Northern,2,120,K=2,Cluster2,0.67391
ST14L35,WV,Northern,3,121,K=2,Cluster1,0.326908
ST14L35,WV,Northern,3,121,K=2,Cluster2,0.673092
ST15L36,WV,Northern,4,122,K=2,Cluster1,0.321196
ST15L36,WV,Northern,4,122,K=2,Cluster2,0.678804
ST15L49,WV,Northern,5,123,K=2,Cluster1,0.325706
ST15L49,WV,Northern,5,123,K=2,Cluster2,0.674294
ST16L48,WV,Northern,6,124,K=2,Cluster1,0.314225
ST16L48,WV,Northern,6,124,K=2,Cluster2,0.685775
ST17L9,WV,Northern,7,125,K=2,Cluster1,0.316299
ST17L9,WV,Northern,7,125,K=2,Cluster2,0.683701
ST3L47,WV,Northern,8,126,K=2,Cluster1,0.321821
ST3L47,WV,Northern,8,126,K=2,Cluster2,0.678179
ST4L30,WV,Northern,9,127,K=2,Cluster1,0.309839
ST4L30,WV,Northern,9,127,K=2,Cluster2,0.690161
ST8L36,WV,Northern,10,128,K=2,Cluster1,0.305467
ST8L36,WV,Northern,10,128,K=2,Cluster2,0.694533
ST9L2,WV,Northern,11,129,K=2,Cluster1,0.31549
ST9L2,WV,Northern,11,129,K=2,Cluster2,0.68451
ST10L12,BH,Southern,1,130,K=2,Cluster1,0.956046
ST10L12,BH,Southern,1,130,K=2,Cluster2,0.043954
ST10L30,BH,Southern,2,131,K=2,Cluster1,0.965134
ST10L30,BH,Southern,2,131,K=2,Cluster2,0.034866
ST11L49,BH,Southern,3,132,K=2,Cluster1,0.955686
ST11L49,BH,Southern,3,132,K=2,Cluster2,0.044314
ST14L11,BH,Southern,4,133,K=2,Cluster1,0.964325
ST14L11,BH,Southern,4,133,K=2,Cluster2,0.035675
ST2L21,BH,Southern,5,134,K=2,Cluster1,0.955503
ST2L21,BH,Southern,5,134,K=2,Cluster2,0.044497
ST2L22,BH,Southern,6,135,K=2,Cluster1,0.957616
ST2L22,BH,Southern,6,135,K=2,Cluster2,0.042384
ST6L27,BH,Southern,7,136,K=2,Cluster1,0.967013
ST6L27,BH,Southern,7,136,K=2,Cluster2,0.032987
ST8L3,BH,Southern,8,137,K=2,Cluster1,0.962671
ST8L3,BH,Southern,8,137,K=2,Cluster2,0.037329
ST9L12,BH,Southern,9,138,K=2,Cluster1,0.951515
ST9L12,BH,Southern,9,138,K=2,Cluster2,0.048485
ST10L14,KC2,Southern,1,139,K=2,Cluster1,0.95385
ST10L14,KC2,Southern,1,139,K=2,Cluster2,0.04615
ST10L28,KC2,Southern,2,140,K=2,Cluster1,0.960698
ST10L28,KC2,Southern,2,140,K=2,Cluster2,0.039302
ST11L30X1,KC2,Southern,3,141,K=2,Cluster1,0.969006
ST11L30X1,KC2,Southern,3,141,K=2,Cluster2,0.030994
ST11L30X2,KC2,Southern,4,142,K=2,Cluster1,0.96601
ST11L30X2,KC2,Southern,4,142,K=2,Cluster2,0.03399
ST1L25,KC2,Southern,5,143,K=2,Cluster1,0.945138
ST1L25,KC2,Southern,5,143,K=2,Cluster2,0.054862
ST4L39,KC2,Southern,6,144,K=2,Cluster1,0.963841
ST4L39,KC2,Southern,6,144,K=2,Cluster2,0.036159
ST6L4,KC2,Southern,7,145,K=2,Cluster1,0.970903
ST6L4,KC2,Southern,7,145,K=2,Cluster2,0.029097
ST7L40,KC2,Southern,8,146,K=2,Cluster1,0.936965
ST7L40,KC2,Southern,8,146,K=2,Cluster2,0.063035
ST11L40,SQ,Southern,1,147,K=2,Cluster1,0.99999
ST11L40,SQ,Southern,1,147,K=2,Cluster2,1e-5
ST12L11,SQ,Southern,2,148,K=2,Cluster1,0.99999
ST12L11,SQ,Southern,2,148,K=2,Cluster2,1e-5
ST12L33,SQ,Southern,3,149,K=2,Cluster1,0.99999
ST12L33,SQ,Southern,3,149,K=2,Cluster2,1e-5
ST14L36,SQ,Southern,5,151,K=2,Cluster1,0.99999
ST14L36,SQ,Southern,5,151,K=2,Cluster2,1e-5
ST16L43,SQ,Southern,6,152,K=2,Cluster1,0.99999
ST16L43,SQ,Southern,6,152,K=2,Cluster2,1e-5
ST17L6,SQ,Southern,7,153,K=2,Cluster1,0.99999
ST17L6,SQ,Southern,7,153,K=2,Cluster2,1e-5
ST3L10,SQ,Southern,8,154,K=2,Cluster1,0.99999
ST3L10,SQ,Southern,8,154,K=2,Cluster2,1e-5
ST7L37,SQ,Southern,9,155,K=2,Cluster1,0.996973
ST7L37,SQ,Southern,9,155,K=2,Cluster2,0.003027
ST9L28,SQ,Southern,10,156,K=2,Cluster1,0.998255
ST9L28,SQ,Southern,10,156,K=2,Cluster2,0.001745
ST10L26,SQ,Southern,11,157,K=2,Cluster1,0.99999
ST10L26,SQ,Southern,11,157,K=2,Cluster2,1e-5
ST12L6,SQ,Southern,12,158,K=2,Cluster1,0.99999
ST12L6,SQ,Southern,12,158,K=2,Cluster2,1e-5
ST13L11,SQ,Southern,13,159,K=2,Cluster1,0.99999
ST13L11,SQ,Southern,13,159,K=2,Cluster2,1e-5
ST2L47,SQ,Southern,14,160,K=2,Cluster1,0.989659
ST2L47,SQ,Southern,14,160,K=2,Cluster2,0.010341
ST5L22,SQ,Southern,15,161,K=2,Cluster1,0.99999
ST5L22,SQ,Southern,15,161,K=2,Cluster2,1e-5
ST6L20,SQ,Southern,16,162,K=2,Cluster1,0.99999
ST6L20,SQ,Southern,16,162,K=2,Cluster2,1e-5
ST6L41,SQ,Southern,17,163,K=2,Cluster1,0.99999
ST6L41,SQ,Southern,17,163,K=2,Cluster2,1e-5
ST7L25,SQ,Southern,18,164,K=2,Cluster1,0.99999
ST7L25,SQ,Southern,18,164,K=2,Cluster2,1e-5
ST9L4,SQ,Southern,19,165,K=2,Cluster1,0.99999
ST9L4,SQ,Southern,19,165,K=2,Cluster2,1e-5
ST9L47,SQ,Southern,20,166,K=2,Cluster1,0.99999
ST9L47,SQ,Southern,20,166,K=2,Cluster2,1e-5
ST10L1,YO,Southern,1,167,K=2,Cluster1,0.99999
ST10L1,YO,Southern,1,167,K=2,Cluster2,1e-5
ST10L15,YO,Southern,2,168,K=2,Cluster1,0.997569
ST10L15,YO,Southern,2,168,K=2,Cluster2,0.002431
ST10L9,YO,Southern,3,169,K=2,Cluster1,0.99999
ST10L9,YO,Southern,3,169,K=2,Cluster2,1e-5
ST13L40,YO,Southern,4,170,K=2,Cluster1,0.99999
ST13L40,YO,Southern,4,170,K=2,Cluster2,1e-5
ST16L10,YO,Southern,5,171,K=2,Cluster1,0.99999
ST16L10,YO,Southern,5,171,K=2,Cluster2,1e-5
ST3L45,YO,Southern,7,173,K=2,Cluster1,0.995468
ST3L45,YO,Southern,7,173,K=2,Cluster2,0.004532
ST4L24,YO,Southern,8,174,K=2,Cluster1,0.983383
ST4L24,YO,Southern,8,174,K=2,Cluster2,0.016617
ST5L11,YO,Southern,9,175,K=2,Cluster1,0.99999
ST5L11,YO,Southern,9,175,K=2,Cluster2,1e-5
ST7L23,YO,Southern,10,176,K=2,Cluster1,0.99005
ST7L23,YO,Southern,10,176,K=2,Cluster2,0.00995
ST11L34,YO,Southern,11,177,K=2,Cluster1,0.99999
ST11L34,YO,Southern,11,177,K=2,Cluster2,1e-5
ST14L28,YO,Southern,12,178,K=2,Cluster1,0.998227
ST14L28,YO,Southern,12,178,K=2,Cluster2,0.001773
ST14L45,YO,Southern,13,179,K=2,Cluster1,0.99999
ST14L45,YO,Southern,13,179,K=2,Cluster2,1e-5
ST17L4,YO,Southern,14,180,K=2,Cluster1,0.99999
ST17L4,YO,Southern,14,180,K=2,Cluster2,1e-5
ST1L42,YO,Southern,15,181,K=2,Cluster1,0.99999
ST1L42,YO,Southern,15,181,K=2,Cluster2,1e-5
ST5L34,YO,Southern,16,182,K=2,Cluster1,0.99999
ST5L34,YO,Southern,16,182,K=2,Cluster2,1e-5
ST8L32,YO,Southern,17,183,K=2,Cluster1,0.99999
ST8L32,YO,Southern,17,183,K=2,Cluster2,1e-5
ST9L42,YO,Southern,18,184,K=2,Cluster1,0.99999
ST9L42,YO,Southern,18,184,K=2,Cluster2,1e-5
ST12L22,YO,Southern,19,185,K=2,Cluster1,0.99999
ST12L22,YO,Southern,19,185,K=2,Cluster2,1e-5
ST13L16,YO,Southern,20,186,K=2,Cluster1,0.988535
ST13L16,YO,Southern,20,186,K=2,Cluster2,0.011465
ST15L18,YO,Southern,21,187,K=2,Cluster1,0.99999
ST15L18,YO,Southern,21,187,K=2,Cluster2,1e-5
ST17L19,YO,Southern,22,188,K=2,Cluster1,0.99999
ST17L19,YO,Southern,22,188,K=2,Cluster2,1e-5
ST1L36,YO,Southern,23,189,K=2,Cluster1,0.99999
ST1L36,YO,Southern,23,189,K=2,Cluster2,1e-5
ST3L18,YO,Southern,24,190,K=2,Cluster1,0.99999
ST3L18,YO,Southern,24,190,K=2,Cluster2,1e-5
ST4L14,YO,Southern,25,191,K=2,Cluster1,0.99999
ST4L14,YO,Southern,25,191,K=2,Cluster2,1e-5
ST5L2D5,YO,Southern,26,192,K=2,Cluster1,0.99999
ST5L2D5,YO,Southern,26,192,K=2,Cluster2,1e-5
ST10L20,CP2,Central,1,1,K=3,Cluster1,0.008771
ST10L20,CP2,Central,1,1,K=3,Cluster2,0.991219
ST10L20,CP2,Central,1,1,K=3,Cluster3,1e-5
ST10L27,CP2,Central,2,2,K=3,Cluster1,0.008299
ST10L27,CP2,Central,2,2,K=3,Cluster2,0.991691
ST10L27,CP2,Central,2,2,K=3,Cluster3,1e-5
ST11L6,CP2,Central,3,3,K=3,Cluster1,1e-5
ST11L6,CP2,Central,3,3,K=3,Cluster2,0.99998
ST11L6,CP2,Central,3,3,K=3,Cluster3,1e-5
ST12L23,CP2,Central,4,4,K=3,Cluster1,1e-5
ST12L23,CP2,Central,4,4,K=3,Cluster2,0.99998
ST12L23,CP2,Central,4,4,K=3,Cluster3,1e-5
ST1L3,CP2,Central,6,6,K=3,Cluster1,0.001849
ST1L3,CP2,Central,6,6,K=3,Cluster2,0.998141
ST1L3,CP2,Central,6,6,K=3,Cluster3,1e-5
ST1L43,CP2,Central,7,7,K=3,Cluster1,0.015421
ST1L43,CP2,Central,7,7,K=3,Cluster2,0.957779
ST1L43,CP2,Central,7,7,K=3,Cluster3,0.0268
ST1L47,CP2,Central,8,8,K=3,Cluster1,1e-5
ST1L47,CP2,Central,8,8,K=3,Cluster2,0.99998
ST1L47,CP2,Central,8,8,K=3,Cluster3,1e-5
ST8L28,CP2,Central,9,9,K=3,Cluster1,0.003876
ST8L28,CP2,Central,9,9,K=3,Cluster2,0.996114
ST8L28,CP2,Central,9,9,K=3,Cluster3,1e-5
ST9L35,CP2,Central,10,10,K=3,Cluster1,1.8e-5
ST9L35,CP2,Central,10,10,K=3,Cluster2,0.999972
ST9L35,CP2,Central,10,10,K=3,Cluster3,1e-5
ST9L49,CP2,Central,11,11,K=3,Cluster1,0.009356
ST9L49,CP2,Central,11,11,K=3,Cluster2,0.985497
ST9L49,CP2,Central,11,11,K=3,Cluster3,0.005147
ST11L22,WL,Central,1,12,K=3,Cluster1,1e-5
ST11L22,WL,Central,1,12,K=3,Cluster2,0.98861
ST11L22,WL,Central,1,12,K=3,Cluster3,0.01138
ST12L12,WL,Central,2,13,K=3,Cluster1,1e-5
ST12L12,WL,Central,2,13,K=3,Cluster2,0.99998
ST12L12,WL,Central,2,13,K=3,Cluster3,1e-5
ST13L45,WL,Central,3,14,K=3,Cluster1,6.92e-4
ST13L45,WL,Central,3,14,K=3,Cluster2,0.994407
ST13L45,WL,Central,3,14,K=3,Cluster3,0.004901
ST14L48,WL,Central,4,15,K=3,Cluster1,0.020674
ST14L48,WL,Central,4,15,K=3,Cluster2,0.979316
ST14L48,WL,Central,4,15,K=3,Cluster3,1e-5
ST16L33,WL,Central,5,16,K=3,Cluster1,0.002802
ST16L33,WL,Central,5,16,K=3,Cluster2,0.996004
ST16L33,WL,Central,5,16,K=3,Cluster3,0.001194
ST17L5,WL,Central,6,17,K=3,Cluster1,1e-5
ST17L5,WL,Central,6,17,K=3,Cluster2,0.99998
ST17L5,WL,Central,6,17,K=3,Cluster3,1e-5
ST4L31,WL,Central,7,18,K=3,Cluster1,1e-5
ST4L31,WL,Central,7,18,K=3,Cluster2,0.99998
ST4L31,WL,Central,7,18,K=3,Cluster3,1e-5
ST5L35,WL,Central,8,19,K=3,Cluster1,0.005246
ST5L35,WL,Central,8,19,K=3,Cluster2,0.972414
ST5L35,WL,Central,8,19,K=3,Cluster3,0.02234
ST7L5,WL,Central,9,20,K=3,Cluster1,1e-5
ST7L5,WL,Central,9,20,K=3,Cluster2,0.99998
ST7L5,WL,Central,9,20,K=3,Cluster3,1e-5
ST8L27,WL,Central,10,21,K=3,Cluster1,1e-5
ST8L27,WL,Central,10,21,K=3,Cluster2,0.99998
ST8L27,WL,Central,10,21,K=3,Cluster3,1e-5
ST10L7,WL,Central,11,22,K=3,Cluster1,1e-5
ST10L7,WL,Central,11,22,K=3,Cluster2,0.901264
ST10L7,WL,Central,11,22,K=3,Cluster3,0.098726
ST11L23,WL,Central,12,23,K=3,Cluster1,1e-5
ST11L23,WL,Central,12,23,K=3,Cluster2,0.99998
ST11L23,WL,Central,12,23,K=3,Cluster3,1e-5
ST12L46,WL,Central,13,24,K=3,Cluster1,1e-5
ST12L46,WL,Central,13,24,K=3,Cluster2,0.893918
ST12L46,WL,Central,13,24,K=3,Cluster3,0.106072
ST14L13,WL,Central,14,25,K=3,Cluster1,1e-5
ST14L13,WL,Central,14,25,K=3,Cluster2,0.917049
ST14L13,WL,Central,14,25,K=3,Cluster3,0.082941
ST15L17,WL,Central,15,26,K=3,Cluster1,6.92e-4
ST15L17,WL,Central,15,26,K=3,Cluster2,0.905574
ST15L17,WL,Central,15,26,K=3,Cluster3,0.093734
ST15L33,WL,Central,16,27,K=3,Cluster1,1e-5
ST15L33,WL,Central,16,27,K=3,Cluster2,0.880925
ST15L33,WL,Central,16,27,K=3,Cluster3,0.119065
ST4L45,WL,Central,17,28,K=3,Cluster1,1e-5
ST4L45,WL,Central,17,28,K=3,Cluster2,0.881118
ST4L45,WL,Central,17,28,K=3,Cluster3,0.118872
ST4L6,WL,Central,18,29,K=3,Cluster1,1e-5
ST4L6,WL,Central,18,29,K=3,Cluster2,0.904674
ST4L6,WL,Central,18,29,K=3,Cluster3,0.095316
ST6L3,WL,Central,19,30,K=3,Cluster1,1e-5
ST6L3,WL,Central,19,30,K=3,Cluster2,0.90691600000000006
ST6L3,WL,Central,19,30,K=3,Cluster3,0.093074
ST7L15,WL,Central,20,31,K=3,Cluster1,1e-5
ST7L15,WL,Central,20,31,K=3,Cluster2,0.923055
ST7L15,WL,Central,20,31,K=3,Cluster3,0.076935
ST9L14,WL,Central,21,32,K=3,Cluster1,1e-5
ST9L14,WL,Central,21,32,K=3,Cluster2,0.925228
ST9L14,WL,Central,21,32,K=3,Cluster3,0.074762
ST10L36,WL,Central,22,33,K=3,Cluster1,1e-5
ST10L36,WL,Central,22,33,K=3,Cluster2,0.927941
ST10L36,WL,Central,22,33,K=3,Cluster3,0.072049
ST12L42,WL,Central,23,34,K=3,Cluster1,1e-5
ST12L42,WL,Central,23,34,K=3,Cluster2,0.941544
ST12L42,WL,Central,23,34,K=3,Cluster3,0.058446
ST1L41,WL,Central,24,35,K=3,Cluster1,1e-5
ST1L41,WL,Central,24,35,K=3,Cluster2,0.91209
ST1L41,WL,Central,24,35,K=3,Cluster3,0.0879
ST2L24,WL,Central,25,36,K=3,Cluster1,0.002688
ST2L24,WL,Central,25,36,K=3,Cluster2,0.935198
ST2L24,WL,Central,25,36,K=3,Cluster3,0.062114
ST4L5,WL,Central,26,37,K=3,Cluster1,1e-5
ST4L5,WL,Central,26,37,K=3,Cluster2,0.925958
ST4L5,WL,Central,26,37,K=3,Cluster3,0.074032
ST6L17,WL,Central,27,38,K=3,Cluster1,1e-5
ST6L17,WL,Central,27,38,K=3,Cluster2,0.934722
ST6L17,WL,Central,27,38,K=3,Cluster3,0.065268
ST6L47,WL,Central,28,39,K=3,Cluster1,1e-5
ST6L47,WL,Central,28,39,K=3,Cluster2,0.950818
ST6L47,WL,Central,28,39,K=3,Cluster3,0.049172
ST9L18,WL,Central,29,40,K=3,Cluster1,0.053811
ST9L18,WL,Central,29,40,K=3,Cluster2,0.875348
ST9L18,WL,Central,29,40,K=3,Cluster3,0.070842
ST9L5,WL,Central,30,41,K=3,Cluster1,1e-5
ST9L5,WL,Central,30,41,K=3,Cluster2,0.891019
ST9L5,WL,Central,30,41,K=3,Cluster3,0.108971
ST13L41,DPR,Northern,1,42,K=3,Cluster1,1e-5
ST13L41,DPR,Northern,1,42,K=3,Cluster2,1e-5
ST13L41,DPR,Northern,1,42,K=3,Cluster3,0.99998
ST15L21,DPR,Northern,2,43,K=3,Cluster1,1e-5
ST15L21,DPR,Northern,2,43,K=3,Cluster2,1e-5
ST15L21,DPR,Northern,2,43,K=3,Cluster3,0.99998
ST1L11,DPR,Northern,3,44,K=3,Cluster1,1e-5
ST1L11,DPR,Northern,3,44,K=3,Cluster2,1e-5
ST1L11,DPR,Northern,3,44,K=3,Cluster3,0.99998
ST1L8,DPR,Northern,4,45,K=3,Cluster1,1e-5
ST1L8,DPR,Northern,4,45,K=3,Cluster2,1e-5
ST1L8,DPR,Northern,4,45,K=3,Cluster3,0.99998
ST2L39,DPR,Northern,5,46,K=3,Cluster1,1e-5
ST2L39,DPR,Northern,5,46,K=3,Cluster2,1e-5
ST2L39,DPR,Northern,5,46,K=3,Cluster3,0.99998
ST4L23,DPR,Northern,6,47,K=3,Cluster1,1e-5
ST4L23,DPR,Northern,6,47,K=3,Cluster2,1e-5
ST4L23,DPR,Northern,6,47,K=3,Cluster3,0.99998
ST4L27,DPR,Northern,7,48,K=3,Cluster1,1e-5
ST4L27,DPR,Northern,7,48,K=3,Cluster2,1e-5
ST4L27,DPR,Northern,7,48,K=3,Cluster3,0.99998
ST5L46,DPR,Northern,8,49,K=3,Cluster1,1e-5
ST5L46,DPR,Northern,8,49,K=3,Cluster2,1e-5
ST5L46,DPR,Northern,8,49,K=3,Cluster3,0.99998
ST8L17,DPR,Northern,9,50,K=3,Cluster1,1e-5
ST8L17,DPR,Northern,9,50,K=3,Cluster2,0.001095
ST8L17,DPR,Northern,9,50,K=3,Cluster3,0.998895
ST8L29,DPR,Northern,10,51,K=3,Cluster1,1e-5
ST8L29,DPR,Northern,10,51,K=3,Cluster2,1e-5
ST8L29,DPR,Northern,10,51,K=3,Cluster3,0.99998
ST9L36,DPR,Northern,11,52,K=3,Cluster1,1e-5
ST9L36,DPR,Northern,11,52,K=3,Cluster2,1e-5
ST9L36,DPR,Northern,11,52,K=3,Cluster3,0.99998
ST14L33,IH,Northern,1,53,K=3,Cluster1,1e-5
ST14L33,IH,Northern,1,53,K=3,Cluster2,0.018008
ST14L33,IH,Northern,1,53,K=3,Cluster3,0.981982
ST16L9,IH,Northern,2,54,K=3,Cluster1,1e-5
ST16L9,IH,Northern,2,54,K=3,Cluster2,0.006067
ST16L9,IH,Northern,2,54,K=3,Cluster3,0.993923
ST1L29,IH,Northern,3,55,K=3,Cluster1,1e-5
ST1L29,IH,Northern,3,55,K=3,Cluster2,1e-5
ST1L29,IH,Northern,3,55,K=3,Cluster3,0.99998
ST1L30,IH,Northern,4,56,K=3,Cluster1,1e-5
ST1L30,IH,Northern,4,56,K=3,Cluster2,0.04696
ST1L30,IH,Northern,4,56,K=3,Cluster3,0.95303
ST2L28,IH,Northern,5,57,K=3,Cluster1,1e-5
ST2L28,IH,Northern,5,57,K=3,Cluster2,1e-5
ST2L28,IH,Northern,5,57,K=3,Cluster3,0.99998
ST3L7,IH,Northern,6,58,K=3,Cluster1,0.004791
ST3L7,IH,Northern,6,58,K=3,Cluster2,0.027883
ST3L7,IH,Northern,6,58,K=3,Cluster3,0.967327
ST4L44,IH,Northern,7,59,K=3,Cluster1,7.37e-4
ST4L44,IH,Northern,7,59,K=3,Cluster2,1e-5
ST4L44,IH,Northern,7,59,K=3,Cluster3,0.999253
ST5L6,IH,Northern,8,60,K=3,Cluster1,1e-5
ST5L6,IH,Northern,8,60,K=3,Cluster2,0.018045
ST5L6,IH,Northern,8,60,K=3,Cluster3,0.981945
ST7L9,IH,Northern,9,61,K=3,Cluster1,6.21e-4
ST7L9,IH,Northern,9,61,K=3,Cluster2,0.00336
ST7L9,IH,Northern,9,61,K=3,Cluster3,0.996019
ST8L20,IH,Northern,10,62,K=3,Cluster1,1e-5
ST8L20,IH,Northern,10,62,K=3,Cluster2,0.00205
ST8L20,IH,Northern,10,62,K=3,Cluster3,0.99794
ST8L31,IH,Northern,11,63,K=3,Cluster1,1e-5
ST8L31,IH,Northern,11,63,K=3,Cluster2,5.81e-4
ST8L31,IH,Northern,11,63,K=3,Cluster3,0.999409
ST12L24,LV,Northern,1,64,K=3,Cluster1,0.99998
ST12L24,LV,Northern,1,64,K=3,Cluster2,1e-5
ST12L24,LV,Northern,1,64,K=3,Cluster3,1e-5
ST13L12,LV,Northern,2,65,K=3,Cluster1,0.99998
ST13L12,LV,Northern,2,65,K=3,Cluster2,1e-5
ST13L12,LV,Northern,2,65,K=3,Cluster3,1e-5
ST15L25,LV,Northern,3,66,K=3,Cluster1,0.999368
ST15L25,LV,Northern,3,66,K=3,Cluster2,1e-5
ST15L25,LV,Northern,3,66,K=3,Cluster3,6.22e-4
ST16L46,LV,Northern,4,67,K=3,Cluster1,0.99998
ST16L46,LV,Northern,4,67,K=3,Cluster2,1e-5
ST16L46,LV,Northern,4,67,K=3,Cluster3,1e-5
ST2L35,LV,Northern,5,68,K=3,Cluster1,0.999403
ST2L35,LV,Northern,5,68,K=3,Cluster2,5.87e-4
ST2L35,LV,Northern,5,68,K=3,Cluster3,1e-5
ST4L36,LV,Northern,6,69,K=3,Cluster1,0.99998
ST4L36,LV,Northern,6,69,K=3,Cluster2,1e-5
ST4L36,LV,Northern,6,69,K=3,Cluster3,1e-5
ST5L19,LV,Northern,7,70,K=3,Cluster1,0.99998
ST5L19,LV,Northern,7,70,K=3,Cluster2,1e-5
ST5L19,LV,Northern,7,70,K=3,Cluster3,1e-5
ST5L44,LV,Northern,8,71,K=3,Cluster1,0.99998
ST5L44,LV,Northern,8,71,K=3,Cluster2,1e-5
ST5L44,LV,Northern,8,71,K=3,Cluster3,1e-5
ST6L2,LV,Northern,9,72,K=3,Cluster1,0.99998
ST6L2,LV,Northern,9,72,K=3,Cluster2,1e-5
ST6L2,LV,Northern,9,72,K=3,Cluster3,1e-5
ST9L24,LV,Northern,10,73,K=3,Cluster1,0.99998
ST9L24,LV,Northern,10,73,K=3,Cluster2,1e-5
ST9L24,LV,Northern,10,73,K=3,Cluster3,1e-5
ST1L27,LV,Northern,11,74,K=3,Cluster1,0.99998
ST1L27,LV,Northern,11,74,K=3,Cluster2,1e-5
ST1L27,LV,Northern,11,74,K=3,Cluster3,1e-5
ST3L3,LV,Northern,12,75,K=3,Cluster1,0.99998
ST3L3,LV,Northern,12,75,K=3,Cluster2,1e-5
ST3L3,LV,Northern,12,75,K=3,Cluster3,1e-5
ST4L25,LV,Northern,13,76,K=3,Cluster1,0.99998
ST4L25,LV,Northern,13,76,K=3,Cluster2,1e-5
ST4L25,LV,Northern,13,76,K=3,Cluster3,1e-5
ST6L12,LV,Northern,14,77,K=3,Cluster1,0.99998
ST6L12,LV,Northern,14,77,K=3,Cluster2,1e-5
ST6L12,LV,Northern,14,77,K=3,Cluster3,1e-5
ST6L16,LV,Northern,15,78,K=3,Cluster1,0.99998
ST6L16,LV,Northern,15,78,K=3,Cluster2,1e-5
ST6L16,LV,Northern,15,78,K=3,Cluster3,1e-5
ST6L44,LV,Northern,16,79,K=3,Cluster1,0.99998
ST6L44,LV,Northern,16,79,K=3,Cluster2,1e-5
ST6L44,LV,Northern,16,79,K=3,Cluster3,1e-5
ST8L4,LV,Northern,17,80,K=3,Cluster1,0.999859
ST8L4,LV,Northern,17,80,K=3,Cluster2,1e-5
ST8L4,LV,Northern,17,80,K=3,Cluster3,1.31e-4
ST8L44,LV,Northern,18,81,K=3,Cluster1,0.99998
ST8L44,LV,Northern,18,81,K=3,Cluster2,1e-5
ST8L44,LV,Northern,18,81,K=3,Cluster3,1e-5
ST9L44,LV,Northern,19,82,K=3,Cluster1,0.99998
ST9L44,LV,Northern,19,82,K=3,Cluster2,1e-5
ST9L44,LV,Northern,19,82,K=3,Cluster3,1e-5
ST12L36,LV,Northern,20,83,K=3,Cluster1,0.99998
ST12L36,LV,Northern,20,83,K=3,Cluster2,1e-5
ST12L36,LV,Northern,20,83,K=3,Cluster3,1e-5
ST12L5,LV,Northern,21,84,K=3,Cluster1,0.99998
ST12L5,LV,Northern,21,84,K=3,Cluster2,1e-5
ST12L5,LV,Northern,21,84,K=3,Cluster3,1e-5
ST13L9,LV,Northern,22,85,K=3,Cluster1,0.99998
ST13L9,LV,Northern,22,85,K=3,Cluster2,1e-5
ST13L9,LV,Northern,22,85,K=3,Cluster3,1e-5
ST15L40,LV,Northern,23,86,K=3,Cluster1,0.99998
ST15L40,LV,Northern,23,86,K=3,Cluster2,1e-5
ST15L40,LV,Northern,23,86,K=3,Cluster3,1e-5
ST1L2,LV,Northern,24,87,K=3,Cluster1,0.99998
ST1L2,LV,Northern,24,87,K=3,Cluster2,1e-5
ST1L2,LV,Northern,24,87,K=3,Cluster3,1e-5
ST1L32,LV,Northern,25,88,K=3,Cluster1,0.99998
ST1L32,LV,Northern,25,88,K=3,Cluster2,1e-5
ST1L32,LV,Northern,25,88,K=3,Cluster3,1e-5
ST2L18,LV,Northern,26,89,K=3,Cluster1,0.99998
ST2L18,LV,Northern,26,89,K=3,Cluster2,1e-5
ST2L18,LV,Northern,26,89,K=3,Cluster3,1e-5
ST3L8,LV,Northern,27,90,K=3,Cluster1,0.99998
ST3L8,LV,Northern,27,90,K=3,Cluster2,1e-5
ST3L8,LV,Northern,27,90,K=3,Cluster3,1e-5
ST4L9,LV,Northern,28,91,K=3,Cluster1,0.99998
ST4L9,LV,Northern,28,91,K=3,Cluster2,1e-5
ST4L9,LV,Northern,28,91,K=3,Cluster3,1e-5
ST13L43,LV,Northern,29,92,K=3,Cluster1,0.999977
ST13L43,LV,Northern,29,92,K=3,Cluster2,1.3e-5
ST13L43,LV,Northern,29,92,K=3,Cluster3,1e-5
ST10L22,LV,Northern,30,93,K=3,Cluster1,0.999919
ST10L22,LV,Northern,30,93,K=3,Cluster2,1e-5
ST10L22,LV,Northern,30,93,K=3,Cluster3,7.1e-5
ST11L35,LV,Northern,31,94,K=3,Cluster1,0.99998
ST11L35,LV,Northern,31,94,K=3,Cluster2,1e-5
ST11L35,LV,Northern,31,94,K=3,Cluster3,1e-5
ST12L25,LV,Northern,32,95,K=3,Cluster1,0.99998
ST12L25,LV,Northern,32,95,K=3,Cluster2,1e-5
ST12L25,LV,Northern,32,95,K=3,Cluster3,1e-5
ST13L38,LV,Northern,33,96,K=3,Cluster1,0.99998
ST13L38,LV,Northern,33,96,K=3,Cluster2,1e-5
ST13L38,LV,Northern,33,96,K=3,Cluster3,1e-5
ST14L16,LV,Northern,34,97,K=3,Cluster1,0.999148
ST14L16,LV,Northern,34,97,K=3,Cluster2,8.42e-4
ST14L16,LV,Northern,34,97,K=3,Cluster3,1e-5
ST3L29,LV,Northern,35,98,K=3,Cluster1,0.99998
ST3L29,LV,Northern,35,98,K=3,Cluster2,1e-5
ST3L29,LV,Northern,35,98,K=3,Cluster3,1e-5
ST4L4,LV,Northern,36,99,K=3,Cluster1,0.99998
ST4L4,LV,Northern,36,99,K=3,Cluster2,1e-5
ST4L4,LV,Northern,36,99,K=3,Cluster3,1e-5
ST4L48,LV,Northern,37,100,K=3,Cluster1,0.998794
ST4L48,LV,Northern,37,100,K=3,Cluster2,3.76e-4
ST4L48,LV,Northern,37,100,K=3,Cluster3,8.3e-4
ST9L39,LV,Northern,38,101,K=3,Cluster1,0.999979
ST9L39,LV,Northern,38,101,K=3,Cluster2,1.1e-5
ST9L39,LV,Northern,38,101,K=3,Cluster3,1e-5
ST15L50,SHA,Northern,1,102,K=3,Cluster1,0.417882
ST15L50,SHA,Northern,1,102,K=3,Cluster2,1e-5
ST15L50,SHA,Northern,1,102,K=3,Cluster3,0.582108
ST16L50,SHA,Northern,2,103,K=3,Cluster1,0.412398
ST16L50,SHA,Northern,2,103,K=3,Cluster2,8.4e-4
ST16L50,SHA,Northern,2,103,K=3,Cluster3,0.586762
ST17L14,SHA,Northern,3,104,K=3,Cluster1,0.419816
ST17L14,SHA,Northern,3,104,K=3,Cluster2,1e-5
ST17L14,SHA,Northern,3,104,K=3,Cluster3,0.580174
ST17L20,SHA,Northern,4,105,K=3,Cluster1,0.413377
ST17L20,SHA,Northern,4,105,K=3,Cluster2,1e-5
ST17L20,SHA,Northern,4,105,K=3,Cluster3,0.586613
ST1L50,SHA,Northern,5,106,K=3,Cluster1,0.424557
ST1L50,SHA,Northern,5,106,K=3,Cluster2,1e-5
ST1L50,SHA,Northern,5,106,K=3,Cluster3,0.575433
ST3L2D5,SHA,Northern,6,107,K=3,Cluster1,0.40324
ST3L2D5,SHA,Northern,6,107,K=3,Cluster2,1e-5
ST3L2D5,SHA,Northern,6,107,K=3,Cluster3,0.59675
ST9L50,SHA,Northern,7,108,K=3,Cluster1,0.406382
ST9L50,SHA,Northern,7,108,K=3,Cluster2,1e-5
ST9L50,SHA,Northern,7,108,K=3,Cluster3,0.593608
ST10L13,TM2,Northern,1,109,K=3,Cluster1,0.213511
ST10L13,TM2,Northern,1,109,K=3,Cluster2,0.211155
ST10L13,TM2,Northern,1,109,K=3,Cluster3,0.575334
ST11L37,TM2,Northern,2,110,K=3,Cluster1,0.213016
ST11L37,TM2,Northern,2,110,K=3,Cluster2,0.210309
ST11L37,TM2,Northern,2,110,K=3,Cluster3,0.576675
ST13L4,TM2,Northern,3,111,K=3,Cluster1,0.208166
ST13L4,TM2,Northern,3,111,K=3,Cluster2,0.179792
ST13L4,TM2,Northern,3,111,K=3,Cluster3,0.612042
ST14L10,TM2,Northern,4,112,K=3,Cluster1,0.218491
ST14L10,TM2,Northern,4,112,K=3,Cluster2,0.191903
ST14L10,TM2,Northern,4,112,K=3,Cluster3,0.589605
ST14L40,TM2,Northern,5,113,K=3,Cluster1,0.213327
ST14L40,TM2,Northern,5,113,K=3,Cluster2,0.199904
ST14L40,TM2,Northern,5,113,K=3,Cluster3,0.586769
ST15L31,TM2,Northern,6,114,K=3,Cluster1,0.22326
ST15L31,TM2,Northern,6,114,K=3,Cluster2,0.186481
ST15L31,TM2,Northern,6,114,K=3,Cluster3,0.590259
ST5L42,TM2,Northern,7,115,K=3,Cluster1,0.220167
ST5L42,TM2,Northern,7,115,K=3,Cluster2,0.183114
ST5L42,TM2,Northern,7,115,K=3,Cluster3,0.596719
ST6L39,TM2,Northern,8,116,K=3,Cluster1,0.220229
ST6L39,TM2,Northern,8,116,K=3,Cluster2,0.203011
ST6L39,TM2,Northern,8,116,K=3,Cluster3,0.57676
ST7L14,TM2,Northern,9,117,K=3,Cluster1,0.223691
ST7L14,TM2,Northern,9,117,K=3,Cluster2,0.175536
ST7L14,TM2,Northern,9,117,K=3,Cluster3,0.600773
ST9L6,TM2,Northern,10,118,K=3,Cluster1,0.216982
ST9L6,TM2,Northern,10,118,K=3,Cluster2,0.188956
ST9L6,TM2,Northern,10,118,K=3,Cluster3,0.594062
ST10L10,WV,Northern,1,119,K=3,Cluster1,0.376631
ST10L10,WV,Northern,1,119,K=3,Cluster2,1e-5
ST10L10,WV,Northern,1,119,K=3,Cluster3,0.623359
ST12L30,WV,Northern,2,120,K=3,Cluster1,0.383303
ST12L30,WV,Northern,2,120,K=3,Cluster2,1e-5
ST12L30,WV,Northern,2,120,K=3,Cluster3,0.616687
ST14L35,WV,Northern,3,121,K=3,Cluster1,0.3885
ST14L35,WV,Northern,3,121,K=3,Cluster2,1.91e-4
ST14L35,WV,Northern,3,121,K=3,Cluster3,0.611309
ST15L36,WV,Northern,4,122,K=3,Cluster1,0.385317
ST15L36,WV,Northern,4,122,K=3,Cluster2,1.3e-4
ST15L36,WV,Northern,4,122,K=3,Cluster3,0.614553
ST15L49,WV,Northern,5,123,K=3,Cluster1,0.38732
ST15L49,WV,Northern,5,123,K=3,Cluster2,1e-5
ST15L49,WV,Northern,5,123,K=3,Cluster3,0.61267
ST16L48,WV,Northern,6,124,K=3,Cluster1,0.39084
ST16L48,WV,Northern,6,124,K=3,Cluster2,1e-5
ST16L48,WV,Northern,6,124,K=3,Cluster3,0.60915
ST17L9,WV,Northern,7,125,K=3,Cluster1,0.389045
ST17L9,WV,Northern,7,125,K=3,Cluster2,1e-5
ST17L9,WV,Northern,7,125,K=3,Cluster3,0.610945
ST3L47,WV,Northern,8,126,K=3,Cluster1,0.375009
ST3L47,WV,Northern,8,126,K=3,Cluster2,1e-5
ST3L47,WV,Northern,8,126,K=3,Cluster3,0.624981
ST4L30,WV,Northern,9,127,K=3,Cluster1,0.37682
ST4L30,WV,Northern,9,127,K=3,Cluster2,1e-5
ST4L30,WV,Northern,9,127,K=3,Cluster3,0.62317
ST8L36,WV,Northern,10,128,K=3,Cluster1,0.396586
ST8L36,WV,Northern,10,128,K=3,Cluster2,1e-5
ST8L36,WV,Northern,10,128,K=3,Cluster3,0.603404
ST9L2,WV,Northern,11,129,K=3,Cluster1,0.38394
ST9L2,WV,Northern,11,129,K=3,Cluster2,1e-5
ST9L2,WV,Northern,11,129,K=3,Cluster3,0.61605
ST10L12,BH,Southern,1,130,K=3,Cluster1,0.064766
ST10L12,BH,Southern,1,130,K=3,Cluster2,0.92744
ST10L12,BH,Southern,1,130,K=3,Cluster3,0.007794
ST10L30,BH,Southern,2,131,K=3,Cluster1,0.053903
ST10L30,BH,Southern,2,131,K=3,Cluster2,0.934084
ST10L30,BH,Southern,2,131,K=3,Cluster3,0.012013
ST11L49,BH,Southern,3,132,K=3,Cluster1,0.05075
ST11L49,BH,Southern,3,132,K=3,Cluster2,0.890836
ST11L49,BH,Southern,3,132,K=3,Cluster3,0.058414
ST14L11,BH,Southern,4,133,K=3,Cluster1,0.057128
ST14L11,BH,Southern,4,133,K=3,Cluster2,0.939617
ST14L11,BH,Southern,4,133,K=3,Cluster3,0.003255
ST2L21,BH,Southern,5,134,K=3,Cluster1,0.064587
ST2L21,BH,Southern,5,134,K=3,Cluster2,0.921284
ST2L21,BH,Southern,5,134,K=3,Cluster3,0.014129
ST2L22,BH,Southern,6,135,K=3,Cluster1,0.061347
ST2L22,BH,Southern,6,135,K=3,Cluster2,0.922534
ST2L22,BH,Southern,6,135,K=3,Cluster3,0.01612
ST6L27,BH,Southern,7,136,K=3,Cluster1,0.055274
ST6L27,BH,Southern,7,136,K=3,Cluster2,0.928837
ST6L27,BH,Southern,7,136,K=3,Cluster3,0.015888
ST8L3,BH,Southern,8,137,K=3,Cluster1,0.064106
ST8L3,BH,Southern,8,137,K=3,Cluster2,0.935884
ST8L3,BH,Southern,8,137,K=3,Cluster3,1e-5
ST9L12,BH,Southern,9,138,K=3,Cluster1,0.066549
ST9L12,BH,Southern,9,138,K=3,Cluster2,0.933441
ST9L12,BH,Southern,9,138,K=3,Cluster3,1e-5
ST10L14,KC2,Southern,1,139,K=3,Cluster1,0.064663
ST10L14,KC2,Southern,1,139,K=3,Cluster2,0.935327
ST10L14,KC2,Southern,1,139,K=3,Cluster3,1e-5
ST10L28,KC2,Southern,2,140,K=3,Cluster1,0.056765
ST10L28,KC2,Southern,2,140,K=3,Cluster2,0.943225
ST10L28,KC2,Southern,2,140,K=3,Cluster3,1e-5
ST11L30X1,KC2,Southern,3,141,K=3,Cluster1,0.051548
ST11L30X1,KC2,Southern,3,141,K=3,Cluster2,0.948442
ST11L30X1,KC2,Southern,3,141,K=3,Cluster3,1e-5
ST11L30X2,KC2,Southern,4,142,K=3,Cluster1,0.052568
ST11L30X2,KC2,Southern,4,142,K=3,Cluster2,0.947422
ST11L30X2,KC2,Southern,4,142,K=3,Cluster3,1e-5
ST1L25,KC2,Southern,5,143,K=3,Cluster1,0.075655
ST1L25,KC2,Southern,5,143,K=3,Cluster2,0.914262
ST1L25,KC2,Southern,5,143,K=3,Cluster3,0.010083
ST4L39,KC2,Southern,6,144,K=3,Cluster1,0.057655
ST4L39,KC2,Southern,6,144,K=3,Cluster2,0.942335
ST4L39,KC2,Southern,6,144,K=3,Cluster3,1e-5
ST6L4,KC2,Southern,7,145,K=3,Cluster1,0.048292
ST6L4,KC2,Southern,7,145,K=3,Cluster2,0.951698
ST6L4,KC2,Southern,7,145,K=3,Cluster3,1e-5
ST7L40,KC2,Southern,8,146,K=3,Cluster1,0.087208
ST7L40,KC2,Southern,8,146,K=3,Cluster2,0.908458
ST7L40,KC2,Southern,8,146,K=3,Cluster3,0.004334
ST11L40,SQ,Southern,1,147,K=3,Cluster1,0.014245
ST11L40,SQ,Southern,1,147,K=3,Cluster2,0.985745
ST11L40,SQ,Southern,1,147,K=3,Cluster3,1e-5
ST12L11,SQ,Southern,2,148,K=3,Cluster1,1e-5
ST12L11,SQ,Southern,2,148,K=3,Cluster2,0.99998
ST12L11,SQ,Southern,2,148,K=3,Cluster3,1e-5
ST12L33,SQ,Southern,3,149,K=3,Cluster1,0.00332
ST12L33,SQ,Southern,3,149,K=3,Cluster2,0.99667
ST12L33,SQ,Southern,3,149,K=3,Cluster3,1e-5
ST14L36,SQ,Southern,5,151,K=3,Cluster1,0.004953
ST14L36,SQ,Southern,5,151,K=3,Cluster2,0.995037
ST14L36,SQ,Southern,5,151,K=3,Cluster3,1e-5
ST16L43,SQ,Southern,6,152,K=3,Cluster1,0.003689
ST16L43,SQ,Southern,6,152,K=3,Cluster2,0.996301
ST16L43,SQ,Southern,6,152,K=3,Cluster3,1e-5
ST17L6,SQ,Southern,7,153,K=3,Cluster1,0.005862
ST17L6,SQ,Southern,7,153,K=3,Cluster2,0.990344
ST17L6,SQ,Southern,7,153,K=3,Cluster3,0.003794
ST3L10,SQ,Southern,8,154,K=3,Cluster1,7.62e-4
ST3L10,SQ,Southern,8,154,K=3,Cluster2,0.999228
ST3L10,SQ,Southern,8,154,K=3,Cluster3,1e-5
ST7L37,SQ,Southern,9,155,K=3,Cluster1,0.016329
ST7L37,SQ,Southern,9,155,K=3,Cluster2,0.983661
ST7L37,SQ,Southern,9,155,K=3,Cluster3,1e-5
ST9L28,SQ,Southern,10,156,K=3,Cluster1,0.022939
ST9L28,SQ,Southern,10,156,K=3,Cluster2,0.977051
ST9L28,SQ,Southern,10,156,K=3,Cluster3,1e-5
ST10L26,SQ,Southern,11,157,K=3,Cluster1,0.006388
ST10L26,SQ,Southern,11,157,K=3,Cluster2,0.993602
ST10L26,SQ,Southern,11,157,K=3,Cluster3,1e-5
ST12L6,SQ,Southern,12,158,K=3,Cluster1,1e-5
ST12L6,SQ,Southern,12,158,K=3,Cluster2,0.99998
ST12L6,SQ,Southern,12,158,K=3,Cluster3,1e-5
ST13L11,SQ,Southern,13,159,K=3,Cluster1,0.003237
ST13L11,SQ,Southern,13,159,K=3,Cluster2,0.996753
ST13L11,SQ,Southern,13,159,K=3,Cluster3,1e-5
ST2L47,SQ,Southern,14,160,K=3,Cluster1,0.024558
ST2L47,SQ,Southern,14,160,K=3,Cluster2,0.975432
ST2L47,SQ,Southern,14,160,K=3,Cluster3,1e-5
ST5L22,SQ,Southern,15,161,K=3,Cluster1,0.022297
ST5L22,SQ,Southern,15,161,K=3,Cluster2,0.977165
ST5L22,SQ,Southern,15,161,K=3,Cluster3,5.39e-4
ST6L20,SQ,Southern,16,162,K=3,Cluster1,1e-5
ST6L20,SQ,Southern,16,162,K=3,Cluster2,0.99998
ST6L20,SQ,Southern,16,162,K=3,Cluster3,1e-5
ST6L41,SQ,Southern,17,163,K=3,Cluster1,1e-5
ST6L41,SQ,Southern,17,163,K=3,Cluster2,0.99998
ST6L41,SQ,Southern,17,163,K=3,Cluster3,1e-5
ST7L25,SQ,Southern,18,164,K=3,Cluster1,1e-5
ST7L25,SQ,Southern,18,164,K=3,Cluster2,0.99998
ST7L25,SQ,Southern,18,164,K=3,Cluster3,1e-5
ST9L4,SQ,Southern,19,165,K=3,Cluster1,1e-5
ST9L4,SQ,Southern,19,165,K=3,Cluster2,0.99998
ST9L4,SQ,Southern,19,165,K=3,Cluster3,1e-5
ST9L47,SQ,Southern,20,166,K=3,Cluster1,0.00961
ST9L47,SQ,Southern,20,166,K=3,Cluster2,0.99038
ST9L47,SQ,Southern,20,166,K=3,Cluster3,1e-5
ST10L1,YO,Southern,1,167,K=3,Cluster1,0.020954
ST10L1,YO,Southern,1,167,K=3,Cluster2,0.979036
ST10L1,YO,Southern,1,167,K=3,Cluster3,1e-5
ST10L15,YO,Southern,2,168,K=3,Cluster1,0.023605
ST10L15,YO,Southern,2,168,K=3,Cluster2,0.970817
ST10L15,YO,Southern,2,168,K=3,Cluster3,0.005578
ST10L9,YO,Southern,3,169,K=3,Cluster1,0.011643
ST10L9,YO,Southern,3,169,K=3,Cluster2,0.988347
ST10L9,YO,Southern,3,169,K=3,Cluster3,1e-5
ST13L40,YO,Southern,4,170,K=3,Cluster1,0.017405
ST13L40,YO,Southern,4,170,K=3,Cluster2,0.982585
ST13L40,YO,Southern,4,170,K=3,Cluster3,1e-5
ST16L10,YO,Southern,5,171,K=3,Cluster1,0.026174
ST16L10,YO,Southern,5,171,K=3,Cluster2,0.973816
ST16L10,YO,Southern,5,171,K=3,Cluster3,1e-5
ST3L45,YO,Southern,7,173,K=3,Cluster1,0.039921
ST3L45,YO,Southern,7,173,K=3,Cluster2,0.960069
ST3L45,YO,Southern,7,173,K=3,Cluster3,1e-5
ST4L24,YO,Southern,8,174,K=3,Cluster1,0.036282
ST4L24,YO,Southern,8,174,K=3,Cluster2,0.963708
ST4L24,YO,Southern,8,174,K=3,Cluster3,1e-5
ST5L11,YO,Southern,9,175,K=3,Cluster1,0.023448
ST5L11,YO,Southern,9,175,K=3,Cluster2,0.976542
ST5L11,YO,Southern,9,175,K=3,Cluster3,1e-5
ST7L23,YO,Southern,10,176,K=3,Cluster1,0.043722
ST7L23,YO,Southern,10,176,K=3,Cluster2,0.956268
ST7L23,YO,Southern,10,176,K=3,Cluster3,1e-5
ST11L34,YO,Southern,11,177,K=3,Cluster1,0.013224
ST11L34,YO,Southern,11,177,K=3,Cluster2,0.986766
ST11L34,YO,Southern,11,177,K=3,Cluster3,1e-5
ST14L28,YO,Southern,12,178,K=3,Cluster1,0.023892
ST14L28,YO,Southern,12,178,K=3,Cluster2,0.976098
ST14L28,YO,Southern,12,178,K=3,Cluster3,1e-5
ST14L45,YO,Southern,13,179,K=3,Cluster1,0.007933
ST14L45,YO,Southern,13,179,K=3,Cluster2,0.992057
ST14L45,YO,Southern,13,179,K=3,Cluster3,1e-5
ST17L4,YO,Southern,14,180,K=3,Cluster1,0.015261
ST17L4,YO,Southern,14,180,K=3,Cluster2,0.984729
ST17L4,YO,Southern,14,180,K=3,Cluster3,1e-5
ST1L42,YO,Southern,15,181,K=3,Cluster1,0.017455
ST1L42,YO,Southern,15,181,K=3,Cluster2,0.982535
ST1L42,YO,Southern,15,181,K=3,Cluster3,1e-5
ST5L34,YO,Southern,16,182,K=3,Cluster1,0.007793
ST5L34,YO,Southern,16,182,K=3,Cluster2,0.992197
ST5L34,YO,Southern,16,182,K=3,Cluster3,1e-5
ST8L32,YO,Southern,17,183,K=3,Cluster1,0.010669
ST8L32,YO,Southern,17,183,K=3,Cluster2,0.989321
ST8L32,YO,Southern,17,183,K=3,Cluster3,1e-5
ST9L42,YO,Southern,18,184,K=3,Cluster1,0.019412
ST9L42,YO,Southern,18,184,K=3,Cluster2,0.980578
ST9L42,YO,Southern,18,184,K=3,Cluster3,1e-5
ST12L22,YO,Southern,19,185,K=3,Cluster1,1.47e-4
ST12L22,YO,Southern,19,185,K=3,Cluster2,0.999843
ST12L22,YO,Southern,19,185,K=3,Cluster3,1e-5
ST13L16,YO,Southern,20,186,K=3,Cluster1,0.029753
ST13L16,YO,Southern,20,186,K=3,Cluster2,0.970237
ST13L16,YO,Southern,20,186,K=3,Cluster3,1e-5
ST15L18,YO,Southern,21,187,K=3,Cluster1,0.013686
ST15L18,YO,Southern,21,187,K=3,Cluster2,0.986304
ST15L18,YO,Southern,21,187,K=3,Cluster3,1e-5
ST17L19,YO,Southern,22,188,K=3,Cluster1,1e-5
ST17L19,YO,Southern,22,188,K=3,Cluster2,0.99998
ST17L19,YO,Southern,22,188,K=3,Cluster3,1e-5
ST1L36,YO,Southern,23,189,K=3,Cluster1,0.011102
ST1L36,YO,Southern,23,189,K=3,Cluster2,0.988888
ST1L36,YO,Southern,23,189,K=3,Cluster3,1e-5
ST3L18,YO,Southern,24,190,K=3,Cluster1,0.015699
ST3L18,YO,Southern,24,190,K=3,Cluster2,0.984291
ST3L18,YO,Southern,24,190,K=3,Cluster3,1e-5
ST4L14,YO,Southern,25,191,K=3,Cluster1,0.011547
ST4L14,YO,Southern,25,191,K=3,Cluster2,0.988443
ST4L14,YO,Southern,25,191,K=3,Cluster3,1e-5
ST5L2D5,YO,Southern,26,192,K=3,Cluster1,0.009368
ST5L2D5,YO,Southern,26,192,K=3,Cluster2,0.990622
ST5L2D5,YO,Southern,26,192,K=3,Cluster3,1e-5
ST10L20,CP2,Central,1,1,K=4,Cluster1,0.162684
ST10L20,CP2,Central,1,1,K=4,Cluster2,1e-5
ST10L20,CP2,Central,1,1,K=4,Cluster3,0.003334
ST10L20,CP2,Central,1,1,K=4,Cluster4,0.833972
ST10L27,CP2,Central,2,2,K=4,Cluster1,0.178699
ST10L27,CP2,Central,2,2,K=4,Cluster2,1e-5
ST10L27,CP2,Central,2,2,K=4,Cluster3,6.1e-4
ST10L27,CP2,Central,2,2,K=4,Cluster4,0.820682
ST11L6,CP2,Central,3,3,K=4,Cluster1,0.136518
ST11L6,CP2,Central,3,3,K=4,Cluster2,1e-5
ST11L6,CP2,Central,3,3,K=4,Cluster3,1e-5
ST11L6,CP2,Central,3,3,K=4,Cluster4,0.863462
ST12L23,CP2,Central,4,4,K=4,Cluster1,0.16017
ST12L23,CP2,Central,4,4,K=4,Cluster2,1e-5
ST12L23,CP2,Central,4,4,K=4,Cluster3,1e-5
ST12L23,CP2,Central,4,4,K=4,Cluster4,0.83981
ST1L3,CP2,Central,6,6,K=4,Cluster1,0.155511
ST1L3,CP2,Central,6,6,K=4,Cluster2,1e-5
ST1L3,CP2,Central,6,6,K=4,Cluster3,0.004415
ST1L3,CP2,Central,6,6,K=4,Cluster4,0.840064
ST1L43,CP2,Central,7,7,K=4,Cluster1,0.179611
ST1L43,CP2,Central,7,7,K=4,Cluster2,1e-5
ST1L43,CP2,Central,7,7,K=4,Cluster3,0.00226
ST1L43,CP2,Central,7,7,K=4,Cluster4,0.818119
ST1L47,CP2,Central,8,8,K=4,Cluster1,0.146493
ST1L47,CP2,Central,8,8,K=4,Cluster2,1e-5
ST1L47,CP2,Central,8,8,K=4,Cluster3,1e-5
ST1L47,CP2,Central,8,8,K=4,Cluster4,0.853487
ST8L28,CP2,Central,9,9,K=4,Cluster1,0.157459
ST8L28,CP2,Central,9,9,K=4,Cluster2,1e-5
ST8L28,CP2,Central,9,9,K=4,Cluster3,0.004611
ST8L28,CP2,Central,9,9,K=4,Cluster4,0.83792
ST9L35,CP2,Central,10,10,K=4,Cluster1,0.162728
ST9L35,CP2,Central,10,10,K=4,Cluster2,1e-5
ST9L35,CP2,Central,10,10,K=4,Cluster3,1e-5
ST9L35,CP2,Central,10,10,K=4,Cluster4,0.837252
ST9L49,CP2,Central,11,11,K=4,Cluster1,0.15726299999999999
ST9L49,CP2,Central,11,11,K=4,Cluster2,1e-5
ST9L49,CP2,Central,11,11,K=4,Cluster3,1e-5
ST9L49,CP2,Central,11,11,K=4,Cluster4,0.842717
ST11L22,WL,Central,1,12,K=4,Cluster1,1e-5
ST11L22,WL,Central,1,12,K=4,Cluster2,1e-5
ST11L22,WL,Central,1,12,K=4,Cluster3,1e-5
ST11L22,WL,Central,1,12,K=4,Cluster4,0.99997
ST12L12,WL,Central,2,13,K=4,Cluster1,1.1e-5
ST12L12,WL,Central,2,13,K=4,Cluster2,1e-5
ST12L12,WL,Central,2,13,K=4,Cluster3,1e-5
ST12L12,WL,Central,2,13,K=4,Cluster4,0.999969
ST13L45,WL,Central,3,14,K=4,Cluster1,1.1e-5
ST13L45,WL,Central,3,14,K=4,Cluster2,1e-5
ST13L45,WL,Central,3,14,K=4,Cluster3,1e-5
ST13L45,WL,Central,3,14,K=4,Cluster4,0.999969
ST14L48,WL,Central,4,15,K=4,Cluster1,1e-5
ST14L48,WL,Central,4,15,K=4,Cluster2,1e-5
ST14L48,WL,Central,4,15,K=4,Cluster3,0.020821
ST14L48,WL,Central,4,15,K=4,Cluster4,0.979159
ST16L33,WL,Central,5,16,K=4,Cluster1,1e-5
ST16L33,WL,Central,5,16,K=4,Cluster2,1e-5
ST16L33,WL,Central,5,16,K=4,Cluster3,4.51e-4
ST16L33,WL,Central,5,16,K=4,Cluster4,0.999529
ST17L5,WL,Central,6,17,K=4,Cluster1,1e-5
ST17L5,WL,Central,6,17,K=4,Cluster2,1e-5
ST17L5,WL,Central,6,17,K=4,Cluster3,3.98e-4
ST17L5,WL,Central,6,17,K=4,Cluster4,0.999582
ST4L31,WL,Central,7,18,K=4,Cluster1,1e-5
ST4L31,WL,Central,7,18,K=4,Cluster2,1e-5
ST4L31,WL,Central,7,18,K=4,Cluster3,1e-5
ST4L31,WL,Central,7,18,K=4,Cluster4,0.99997
ST5L35,WL,Central,8,19,K=4,Cluster1,1.1e-5
ST5L35,WL,Central,8,19,K=4,Cluster2,1e-5
ST5L35,WL,Central,8,19,K=4,Cluster3,0.005079
ST5L35,WL,Central,8,19,K=4,Cluster4,0.9949
ST7L5,WL,Central,9,20,K=4,Cluster1,1e-5
ST7L5,WL,Central,9,20,K=4,Cluster2,1e-5
ST7L5,WL,Central,9,20,K=4,Cluster3,1e-5
ST7L5,WL,Central,9,20,K=4,Cluster4,0.99997
ST8L27,WL,Central,10,21,K=4,Cluster1,1e-5
ST8L27,WL,Central,10,21,K=4,Cluster2,1e-5
ST8L27,WL,Central,10,21,K=4,Cluster3,1e-5
ST8L27,WL,Central,10,21,K=4,Cluster4,0.99997
ST10L7,WL,Central,11,22,K=4,Cluster1,1e-5
ST10L7,WL,Central,11,22,K=4,Cluster2,1e-5
ST10L7,WL,Central,11,22,K=4,Cluster3,1e-5
ST10L7,WL,Central,11,22,K=4,Cluster4,0.99997
ST11L23,WL,Central,12,23,K=4,Cluster1,1e-5
ST11L23,WL,Central,12,23,K=4,Cluster2,1e-5
ST11L23,WL,Central,12,23,K=4,Cluster3,1e-5
ST11L23,WL,Central,12,23,K=4,Cluster4,0.99997
ST12L46,WL,Central,13,24,K=4,Cluster1,1e-5
ST12L46,WL,Central,13,24,K=4,Cluster2,1e-5
ST12L46,WL,Central,13,24,K=4,Cluster3,1e-5
ST12L46,WL,Central,13,24,K=4,Cluster4,0.99997
ST14L13,WL,Central,14,25,K=4,Cluster1,1e-5
ST14L13,WL,Central,14,25,K=4,Cluster2,1.71e-4
ST14L13,WL,Central,14,25,K=4,Cluster3,1e-5
ST14L13,WL,Central,14,25,K=4,Cluster4,0.999809
ST15L17,WL,Central,15,26,K=4,Cluster1,1e-5
ST15L17,WL,Central,15,26,K=4,Cluster2,1e-5
ST15L17,WL,Central,15,26,K=4,Cluster3,1e-5
ST15L17,WL,Central,15,26,K=4,Cluster4,0.99997
ST15L33,WL,Central,16,27,K=4,Cluster1,1e-5
ST15L33,WL,Central,16,27,K=4,Cluster2,0.003868
ST15L33,WL,Central,16,27,K=4,Cluster3,1e-5
ST15L33,WL,Central,16,27,K=4,Cluster4,0.996112
ST4L45,WL,Central,17,28,K=4,Cluster1,0.004392
ST4L45,WL,Central,17,28,K=4,Cluster2,0.002747
ST4L45,WL,Central,17,28,K=4,Cluster3,1e-5
ST4L45,WL,Central,17,28,K=4,Cluster4,0.992852
ST4L6,WL,Central,18,29,K=4,Cluster1,1e-5
ST4L6,WL,Central,18,29,K=4,Cluster2,1e-5
ST4L6,WL,Central,18,29,K=4,Cluster3,1e-5
ST4L6,WL,Central,18,29,K=4,Cluster4,0.99997
ST6L3,WL,Central,19,30,K=4,Cluster1,1e-5
ST6L3,WL,Central,19,30,K=4,Cluster2,1e-5
ST6L3,WL,Central,19,30,K=4,Cluster3,2.92e-4
ST6L3,WL,Central,19,30,K=4,Cluster4,0.999688
ST7L15,WL,Central,20,31,K=4,Cluster1,1.2e-5
ST7L15,WL,Central,20,31,K=4,Cluster2,1e-5
ST7L15,WL,Central,20,31,K=4,Cluster3,1e-5
ST7L15,WL,Central,20,31,K=4,Cluster4,0.999968
ST9L14,WL,Central,21,32,K=4,Cluster1,1e-5
ST9L14,WL,Central,21,32,K=4,Cluster2,1e-5
ST9L14,WL,Central,21,32,K=4,Cluster3,1e-5
ST9L14,WL,Central,21,32,K=4,Cluster4,0.99997
ST10L36,WL,Central,22,33,K=4,Cluster1,1e-5
ST10L36,WL,Central,22,33,K=4,Cluster2,1e-5
ST10L36,WL,Central,22,33,K=4,Cluster3,1e-5
ST10L36,WL,Central,22,33,K=4,Cluster4,0.99997
ST12L42,WL,Central,23,34,K=4,Cluster1,1e-5
ST12L42,WL,Central,23,34,K=4,Cluster2,1e-5
ST12L42,WL,Central,23,34,K=4,Cluster3,1e-5
ST12L42,WL,Central,23,34,K=4,Cluster4,0.99997
ST1L41,WL,Central,24,35,K=4,Cluster1,1e-5
ST1L41,WL,Central,24,35,K=4,Cluster2,1e-5
ST1L41,WL,Central,24,35,K=4,Cluster3,1e-5
ST1L41,WL,Central,24,35,K=4,Cluster4,0.99997
ST2L24,WL,Central,25,36,K=4,Cluster1,1e-5
ST2L24,WL,Central,25,36,K=4,Cluster2,1e-5
ST2L24,WL,Central,25,36,K=4,Cluster3,1e-5
ST2L24,WL,Central,25,36,K=4,Cluster4,0.99997
ST4L5,WL,Central,26,37,K=4,Cluster1,1e-5
ST4L5,WL,Central,26,37,K=4,Cluster2,1e-5
ST4L5,WL,Central,26,37,K=4,Cluster3,1e-5
ST4L5,WL,Central,26,37,K=4,Cluster4,0.99997
ST6L17,WL,Central,27,38,K=4,Cluster1,1e-5
ST6L17,WL,Central,27,38,K=4,Cluster2,0.003976
ST6L17,WL,Central,27,38,K=4,Cluster3,1e-5
ST6L17,WL,Central,27,38,K=4,Cluster4,0.996004
ST6L47,WL,Central,28,39,K=4,Cluster1,0.0013
ST6L47,WL,Central,28,39,K=4,Cluster2,1e-5
ST6L47,WL,Central,28,39,K=4,Cluster3,1e-5
ST6L47,WL,Central,28,39,K=4,Cluster4,0.99868
ST9L18,WL,Central,29,40,K=4,Cluster1,1e-5
ST9L18,WL,Central,29,40,K=4,Cluster2,1e-5
ST9L18,WL,Central,29,40,K=4,Cluster3,0.060386
ST9L18,WL,Central,29,40,K=4,Cluster4,0.939594
ST9L5,WL,Central,30,41,K=4,Cluster1,1e-5
ST9L5,WL,Central,30,41,K=4,Cluster2,1e-5
ST9L5,WL,Central,30,41,K=4,Cluster3,0.01637
ST9L5,WL,Central,30,41,K=4,Cluster4,0.98361
ST13L41,DPR,Northern,1,42,K=4,Cluster1,1e-5
ST13L41,DPR,Northern,1,42,K=4,Cluster2,0.999808
ST13L41,DPR,Northern,1,42,K=4,Cluster3,1.72e-4
ST13L41,DPR,Northern,1,42,K=4,Cluster4,1e-5
ST15L21,DPR,Northern,2,43,K=4,Cluster1,1e-5
ST15L21,DPR,Northern,2,43,K=4,Cluster2,0.999681
ST15L21,DPR,Northern,2,43,K=4,Cluster3,1e-5
ST15L21,DPR,Northern,2,43,K=4,Cluster4,2.99e-4
ST1L11,DPR,Northern,3,44,K=4,Cluster1,1e-5
ST1L11,DPR,Northern,3,44,K=4,Cluster2,0.99997
ST1L11,DPR,Northern,3,44,K=4,Cluster3,1e-5
ST1L11,DPR,Northern,3,44,K=4,Cluster4,1e-5
ST1L8,DPR,Northern,4,45,K=4,Cluster1,1e-5
ST1L8,DPR,Northern,4,45,K=4,Cluster2,0.997798
ST1L8,DPR,Northern,4,45,K=4,Cluster3,1e-5
ST1L8,DPR,Northern,4,45,K=4,Cluster4,0.002182
ST2L39,DPR,Northern,5,46,K=4,Cluster1,1e-5
ST2L39,DPR,Northern,5,46,K=4,Cluster2,0.99997
ST2L39,DPR,Northern,5,46,K=4,Cluster3,1e-5
ST2L39,DPR,Northern,5,46,K=4,Cluster4,1e-5
ST4L23,DPR,Northern,6,47,K=4,Cluster1,1e-5
ST4L23,DPR,Northern,6,47,K=4,Cluster2,0.994596
ST4L23,DPR,Northern,6,47,K=4,Cluster3,0.003967
ST4L23,DPR,Northern,6,47,K=4,Cluster4,0.001426
ST4L27,DPR,Northern,7,48,K=4,Cluster1,1e-5
ST4L27,DPR,Northern,7,48,K=4,Cluster2,0.99997
ST4L27,DPR,Northern,7,48,K=4,Cluster3,1e-5
ST4L27,DPR,Northern,7,48,K=4,Cluster4,1e-5
ST5L46,DPR,Northern,8,49,K=4,Cluster1,1e-5
ST5L46,DPR,Northern,8,49,K=4,Cluster2,0.999942
ST5L46,DPR,Northern,8,49,K=4,Cluster3,1e-5
ST5L46,DPR,Northern,8,49,K=4,Cluster4,3.8e-5
ST8L17,DPR,Northern,9,50,K=4,Cluster1,1e-5
ST8L17,DPR,Northern,9,50,K=4,Cluster2,0.99997
ST8L17,DPR,Northern,9,50,K=4,Cluster3,1e-5
ST8L17,DPR,Northern,9,50,K=4,Cluster4,1e-5
ST8L29,DPR,Northern,10,51,K=4,Cluster1,1.6e-5
ST8L29,DPR,Northern,10,51,K=4,Cluster2,0.999696
ST8L29,DPR,Northern,10,51,K=4,Cluster3,2.78e-4
ST8L29,DPR,Northern,10,51,K=4,Cluster4,1e-5
ST9L36,DPR,Northern,11,52,K=4,Cluster1,1e-5
ST9L36,DPR,Northern,11,52,K=4,Cluster2,0.99997
ST9L36,DPR,Northern,11,52,K=4,Cluster3,1e-5
ST9L36,DPR,Northern,11,52,K=4,Cluster4,1e-5
ST14L33,IH,Northern,1,53,K=4,Cluster1,0.001598
ST14L33,IH,Northern,1,53,K=4,Cluster2,0.893734
ST14L33,IH,Northern,1,53,K=4,Cluster3,1e-5
ST14L33,IH,Northern,1,53,K=4,Cluster4,0.104658
ST16L9,IH,Northern,2,54,K=4,Cluster1,1e-5
ST16L9,IH,Northern,2,54,K=4,Cluster2,0.89734100000000006
ST16L9,IH,Northern,2,54,K=4,Cluster3,1e-5
ST16L9,IH,Northern,2,54,K=4,Cluster4,0.102639
ST1L29,IH,Northern,3,55,K=4,Cluster1,2.97e-4
ST1L29,IH,Northern,3,55,K=4,Cluster2,0.914798
ST1L29,IH,Northern,3,55,K=4,Cluster3,1e-5
ST1L29,IH,Northern,3,55,K=4,Cluster4,0.084895
ST1L30,IH,Northern,4,56,K=4,Cluster1,1e-5
ST1L30,IH,Northern,4,56,K=4,Cluster2,0.860314
ST1L30,IH,Northern,4,56,K=4,Cluster3,1e-5
ST1L30,IH,Northern,4,56,K=4,Cluster4,0.139666
ST2L28,IH,Northern,5,57,K=4,Cluster1,1e-5
ST2L28,IH,Northern,5,57,K=4,Cluster2,0.897439
ST2L28,IH,Northern,5,57,K=4,Cluster3,1e-5
ST2L28,IH,Northern,5,57,K=4,Cluster4,0.102541
ST3L7,IH,Northern,6,58,K=4,Cluster1,1e-5
ST3L7,IH,Northern,6,58,K=4,Cluster2,0.880555
ST3L7,IH,Northern,6,58,K=4,Cluster3,6.67e-4
ST3L7,IH,Northern,6,58,K=4,Cluster4,0.118768
ST4L44,IH,Northern,7,59,K=4,Cluster1,1e-5
ST4L44,IH,Northern,7,59,K=4,Cluster2,0.929628
ST4L44,IH,Northern,7,59,K=4,Cluster3,1e-5
ST4L44,IH,Northern,7,59,K=4,Cluster4,0.070352
ST5L6,IH,Northern,8,60,K=4,Cluster1,1e-5
ST5L6,IH,Northern,8,60,K=4,Cluster2,0.876494
ST5L6,IH,Northern,8,60,K=4,Cluster3,1e-5
ST5L6,IH,Northern,8,60,K=4,Cluster4,0.123486
ST7L9,IH,Northern,9,61,K=4,Cluster1,1e-5
ST7L9,IH,Northern,9,61,K=4,Cluster2,0.912654
ST7L9,IH,Northern,9,61,K=4,Cluster3,1e-5
ST7L9,IH,Northern,9,61,K=4,Cluster4,0.087326
ST8L20,IH,Northern,10,62,K=4,Cluster1,1e-5
ST8L20,IH,Northern,10,62,K=4,Cluster2,0.915408
ST8L20,IH,Northern,10,62,K=4,Cluster3,1e-5
ST8L20,IH,Northern,10,62,K=4,Cluster4,0.084572
ST8L31,IH,Northern,11,63,K=4,Cluster1,1e-5
ST8L31,IH,Northern,11,63,K=4,Cluster2,0.899224
ST8L31,IH,Northern,11,63,K=4,Cluster3,1e-5
ST8L31,IH,Northern,11,63,K=4,Cluster4,0.100756
ST12L24,LV,Northern,1,64,K=4,Cluster1,1.83e-4
ST12L24,LV,Northern,1,64,K=4,Cluster2,1e-5
ST12L24,LV,Northern,1,64,K=4,Cluster3,0.999797
ST12L24,LV,Northern,1,64,K=4,Cluster4,1e-5
ST13L12,LV,Northern,2,65,K=4,Cluster1,1.5e-5
ST13L12,LV,Northern,2,65,K=4,Cluster2,1e-5
ST13L12,LV,Northern,2,65,K=4,Cluster3,0.999965
ST13L12,LV,Northern,2,65,K=4,Cluster4,1e-5
ST15L25,LV,Northern,3,66,K=4,Cluster1,1.1e-5
ST15L25,LV,Northern,3,66,K=4,Cluster2,1e-5
ST15L25,LV,Northern,3,66,K=4,Cluster3,0.999969
ST15L25,LV,Northern,3,66,K=4,Cluster4,1e-5
ST16L46,LV,Northern,4,67,K=4,Cluster1,1e-5
ST16L46,LV,Northern,4,67,K=4,Cluster2,1e-5
ST16L46,LV,Northern,4,67,K=4,Cluster3,0.99997
ST16L46,LV,Northern,4,67,K=4,Cluster4,1e-5
ST2L35,LV,Northern,5,68,K=4,Cluster1,1e-5
ST2L35,LV,Northern,5,68,K=4,Cluster2,1e-5
ST2L35,LV,Northern,5,68,K=4,Cluster3,0.99997
ST2L35,LV,Northern,5,68,K=4,Cluster4,1e-5
ST4L36,LV,Northern,6,69,K=4,Cluster1,1e-5
ST4L36,LV,Northern,6,69,K=4,Cluster2,1e-5
ST4L36,LV,Northern,6,69,K=4,Cluster3,0.99997
ST4L36,LV,Northern,6,69,K=4,Cluster4,1e-5
ST5L19,LV,Northern,7,70,K=4,Cluster1,1e-5
ST5L19,LV,Northern,7,70,K=4,Cluster2,1e-5
ST5L19,LV,Northern,7,70,K=4,Cluster3,0.99997
ST5L19,LV,Northern,7,70,K=4,Cluster4,1e-5
ST5L44,LV,Northern,8,71,K=4,Cluster1,1e-5
ST5L44,LV,Northern,8,71,K=4,Cluster2,1e-5
ST5L44,LV,Northern,8,71,K=4,Cluster3,0.99997
ST5L44,LV,Northern,8,71,K=4,Cluster4,1e-5
ST6L2,LV,Northern,9,72,K=4,Cluster1,1e-5
ST6L2,LV,Northern,9,72,K=4,Cluster2,1e-5
ST6L2,LV,Northern,9,72,K=4,Cluster3,0.99997
ST6L2,LV,Northern,9,72,K=4,Cluster4,1e-5
ST9L24,LV,Northern,10,73,K=4,Cluster1,1e-5
ST9L24,LV,Northern,10,73,K=4,Cluster2,1e-5
ST9L24,LV,Northern,10,73,K=4,Cluster3,0.99997
ST9L24,LV,Northern,10,73,K=4,Cluster4,1e-5
ST1L27,LV,Northern,11,74,K=4,Cluster1,1e-5
ST1L27,LV,Northern,11,74,K=4,Cluster2,1e-5
ST1L27,LV,Northern,11,74,K=4,Cluster3,0.99997
ST1L27,LV,Northern,11,74,K=4,Cluster4,1e-5
ST3L3,LV,Northern,12,75,K=4,Cluster1,1e-5
ST3L3,LV,Northern,12,75,K=4,Cluster2,1e-5
ST3L3,LV,Northern,12,75,K=4,Cluster3,0.999923
ST3L3,LV,Northern,12,75,K=4,Cluster4,5.7e-5
ST4L25,LV,Northern,13,76,K=4,Cluster1,1e-5
ST4L25,LV,Northern,13,76,K=4,Cluster2,1.2e-5
ST4L25,LV,Northern,13,76,K=4,Cluster3,0.999968
ST4L25,LV,Northern,13,76,K=4,Cluster4,1e-5
ST6L12,LV,Northern,14,77,K=4,Cluster1,1e-5
ST6L12,LV,Northern,14,77,K=4,Cluster2,9.2e-5
ST6L12,LV,Northern,14,77,K=4,Cluster3,0.999888
ST6L12,LV,Northern,14,77,K=4,Cluster4,1e-5
ST6L16,LV,Northern,15,78,K=4,Cluster1,1e-5
ST6L16,LV,Northern,15,78,K=4,Cluster2,1e-5
ST6L16,LV,Northern,15,78,K=4,Cluster3,0.99997
ST6L16,LV,Northern,15,78,K=4,Cluster4,1e-5
ST6L44,LV,Northern,16,79,K=4,Cluster1,6.45e-4
ST6L44,LV,Northern,16,79,K=4,Cluster2,1e-5
ST6L44,LV,Northern,16,79,K=4,Cluster3,0.99933399999999994
ST6L44,LV,Northern,16,79,K=4,Cluster4,1e-5
ST8L4,LV,Northern,17,80,K=4,Cluster1,1e-5
ST8L4,LV,Northern,17,80,K=4,Cluster2,1.1e-5
ST8L4,LV,Northern,17,80,K=4,Cluster3,0.999969
ST8L4,LV,Northern,17,80,K=4,Cluster4,1e-5
ST8L44,LV,Northern,18,81,K=4,Cluster1,1e-5
ST8L44,LV,Northern,18,81,K=4,Cluster2,1e-5
ST8L44,LV,Northern,18,81,K=4,Cluster3,0.99997
ST8L44,LV,Northern,18,81,K=4,Cluster4,1e-5
ST9L44,LV,Northern,19,82,K=4,Cluster1,1e-5
ST9L44,LV,Northern,19,82,K=4,Cluster2,1e-5
ST9L44,LV,Northern,19,82,K=4,Cluster3,0.99997
ST9L44,LV,Northern,19,82,K=4,Cluster4,1e-5
ST12L36,LV,Northern,20,83,K=4,Cluster1,1e-5
ST12L36,LV,Northern,20,83,K=4,Cluster2,1e-5
ST12L36,LV,Northern,20,83,K=4,Cluster3,0.99997
ST12L36,LV,Northern,20,83,K=4,Cluster4,1e-5
ST12L5,LV,Northern,21,84,K=4,Cluster1,1e-5
ST12L5,LV,Northern,21,84,K=4,Cluster2,1.5e-5
ST12L5,LV,Northern,21,84,K=4,Cluster3,0.999965
ST12L5,LV,Northern,21,84,K=4,Cluster4,1e-5
ST13L9,LV,Northern,22,85,K=4,Cluster1,1e-5
ST13L9,LV,Northern,22,85,K=4,Cluster2,1e-5
ST13L9,LV,Northern,22,85,K=4,Cluster3,0.99997
ST13L9,LV,Northern,22,85,K=4,Cluster4,1e-5
ST15L40,LV,Northern,23,86,K=4,Cluster1,1e-5
ST15L40,LV,Northern,23,86,K=4,Cluster2,1e-5
ST15L40,LV,Northern,23,86,K=4,Cluster3,0.999757
ST15L40,LV,Northern,23,86,K=4,Cluster4,2.23e-4
ST1L2,LV,Northern,24,87,K=4,Cluster1,1e-5
ST1L2,LV,Northern,24,87,K=4,Cluster2,1e-5
ST1L2,LV,Northern,24,87,K=4,Cluster3,0.99997
ST1L2,LV,Northern,24,87,K=4,Cluster4,1e-5
ST1L32,LV,Northern,25,88,K=4,Cluster1,1e-5
ST1L32,LV,Northern,25,88,K=4,Cluster2,1e-5
ST1L32,LV,Northern,25,88,K=4,Cluster3,0.99997
ST1L32,LV,Northern,25,88,K=4,Cluster4,1e-5
ST2L18,LV,Northern,26,89,K=4,Cluster1,5.1e-5
ST2L18,LV,Northern,26,89,K=4,Cluster2,1e-5
ST2L18,LV,Northern,26,89,K=4,Cluster3,0.999929
ST2L18,LV,Northern,26,89,K=4,Cluster4,1e-5
ST3L8,LV,Northern,27,90,K=4,Cluster1,1e-5
ST3L8,LV,Northern,27,90,K=4,Cluster2,1e-5
ST3L8,LV,Northern,27,90,K=4,Cluster3,0.99997
ST3L8,LV,Northern,27,90,K=4,Cluster4,1e-5
ST4L9,LV,Northern,28,91,K=4,Cluster1,1e-5
ST4L9,LV,Northern,28,91,K=4,Cluster2,1.1e-5
ST4L9,LV,Northern,28,91,K=4,Cluster3,0.999969
ST4L9,LV,Northern,28,91,K=4,Cluster4,1e-5
ST13L43,LV,Northern,29,92,K=4,Cluster1,1.4e-5
ST13L43,LV,Northern,29,92,K=4,Cluster2,1e-5
ST13L43,LV,Northern,29,92,K=4,Cluster3,0.997918
ST13L43,LV,Northern,29,92,K=4,Cluster4,0.002058
ST10L22,LV,Northern,30,93,K=4,Cluster1,1e-5
ST10L22,LV,Northern,30,93,K=4,Cluster2,3.73e-4
ST10L22,LV,Northern,30,93,K=4,Cluster3,0.999607
ST10L22,LV,Northern,30,93,K=4,Cluster4,1e-5
ST11L35,LV,Northern,31,94,K=4,Cluster1,1e-5
ST11L35,LV,Northern,31,94,K=4,Cluster2,1.2e-5
ST11L35,LV,Northern,31,94,K=4,Cluster3,0.999968
ST11L35,LV,Northern,31,94,K=4,Cluster4,1e-5
ST12L25,LV,Northern,32,95,K=4,Cluster1,1e-5
ST12L25,LV,Northern,32,95,K=4,Cluster2,1.2e-5
ST12L25,LV,Northern,32,95,K=4,Cluster3,0.999968
ST12L25,LV,Northern,32,95,K=4,Cluster4,1e-5
ST13L38,LV,Northern,33,96,K=4,Cluster1,1e-5
ST13L38,LV,Northern,33,96,K=4,Cluster2,1.1e-5
ST13L38,LV,Northern,33,96,K=4,Cluster3,0.999969
ST13L38,LV,Northern,33,96,K=4,Cluster4,1e-5
ST14L16,LV,Northern,34,97,K=4,Cluster1,1.2e-5
ST14L16,LV,Northern,34,97,K=4,Cluster2,1e-5
ST14L16,LV,Northern,34,97,K=4,Cluster3,0.999968
ST14L16,LV,Northern,34,97,K=4,Cluster4,1e-5
ST3L29,LV,Northern,35,98,K=4,Cluster1,3.06e-4
ST3L29,LV,Northern,35,98,K=4,Cluster2,1e-5
ST3L29,LV,Northern,35,98,K=4,Cluster3,0.999674
ST3L29,LV,Northern,35,98,K=4,Cluster4,1e-5
ST4L4,LV,Northern,36,99,K=4,Cluster1,1e-5
ST4L4,LV,Northern,36,99,K=4,Cluster2,1e-5
ST4L4,LV,Northern,36,99,K=4,Cluster3,0.99997
ST4L4,LV,Northern,36,99,K=4,Cluster4,1e-5
ST4L48,LV,Northern,37,100,K=4,Cluster1,1e-5
ST4L48,LV,Northern,37,100,K=4,Cluster2,7e-5
ST4L48,LV,Northern,37,100,K=4,Cluster3,0.99991
ST4L48,LV,Northern,37,100,K=4,Cluster4,1e-5
ST9L39,LV,Northern,38,101,K=4,Cluster1,1.1e-5
ST9L39,LV,Northern,38,101,K=4,Cluster2,1e-5
ST9L39,LV,Northern,38,101,K=4,Cluster3,0.999969
ST9L39,LV,Northern,38,101,K=4,Cluster4,1e-5
ST15L50,SHA,Northern,1,102,K=4,Cluster1,1e-5
ST15L50,SHA,Northern,1,102,K=4,Cluster2,0.595641
ST15L50,SHA,Northern,1,102,K=4,Cluster3,0.40409
ST15L50,SHA,Northern,1,102,K=4,Cluster4,2.6e-4
ST16L50,SHA,Northern,2,103,K=4,Cluster1,1e-5
ST16L50,SHA,Northern,2,103,K=4,Cluster2,0.599427
ST16L50,SHA,Northern,2,103,K=4,Cluster3,0.400553
ST16L50,SHA,Northern,2,103,K=4,Cluster4,1e-5
ST17L14,SHA,Northern,3,104,K=4,Cluster1,1e-5
ST17L14,SHA,Northern,3,104,K=4,Cluster2,0.591517
ST17L14,SHA,Northern,3,104,K=4,Cluster3,0.408463
ST17L14,SHA,Northern,3,104,K=4,Cluster4,1e-5
ST17L20,SHA,Northern,4,105,K=4,Cluster1,1e-5
ST17L20,SHA,Northern,4,105,K=4,Cluster2,0.596572
ST17L20,SHA,Northern,4,105,K=4,Cluster3,0.403408
ST17L20,SHA,Northern,4,105,K=4,Cluster4,1e-5
ST1L50,SHA,Northern,5,106,K=4,Cluster1,0.001413
ST1L50,SHA,Northern,5,106,K=4,Cluster2,0.583814
ST1L50,SHA,Northern,5,106,K=4,Cluster3,0.414764
ST1L50,SHA,Northern,5,106,K=4,Cluster4,1e-5
ST3L2D5,SHA,Northern,6,107,K=4,Cluster1,1e-5
ST3L2D5,SHA,Northern,6,107,K=4,Cluster2,0.607832
ST3L2D5,SHA,Northern,6,107,K=4,Cluster3,0.392148
ST3L2D5,SHA,Northern,6,107,K=4,Cluster4,1e-5
ST9L50,SHA,Northern,7,108,K=4,Cluster1,1e-5
ST9L50,SHA,Northern,7,108,K=4,Cluster2,0.604866
ST9L50,SHA,Northern,7,108,K=4,Cluster3,0.395114
ST9L50,SHA,Northern,7,108,K=4,Cluster4,1e-5
ST10L13,TM2,Northern,1,109,K=4,Cluster1,0.310359
ST10L13,TM2,Northern,1,109,K=4,Cluster2,0.505066
ST10L13,TM2,Northern,1,109,K=4,Cluster3,0.184564
ST10L13,TM2,Northern,1,109,K=4,Cluster4,1e-5
ST11L37,TM2,Northern,2,110,K=4,Cluster1,0.308212
ST11L37,TM2,Northern,2,110,K=4,Cluster2,0.50726
ST11L37,TM2,Northern,2,110,K=4,Cluster3,0.184518
ST11L37,TM2,Northern,2,110,K=4,Cluster4,1e-5
ST13L4,TM2,Northern,3,111,K=4,Cluster1,0.287761
ST13L4,TM2,Northern,3,111,K=4,Cluster2,0.537325
ST13L4,TM2,Northern,3,111,K=4,Cluster3,0.174904
ST13L4,TM2,Northern,3,111,K=4,Cluster4,1e-5
ST14L10,TM2,Northern,4,112,K=4,Cluster1,0.291869
ST14L10,TM2,Northern,4,112,K=4,Cluster2,0.517501
ST14L10,TM2,Northern,4,112,K=4,Cluster3,0.19062
ST14L10,TM2,Northern,4,112,K=4,Cluster4,1e-5
ST14L40,TM2,Northern,5,113,K=4,Cluster1,0.305017
ST14L40,TM2,Northern,5,113,K=4,Cluster2,0.512895
ST14L40,TM2,Northern,5,113,K=4,Cluster3,0.182078
ST14L40,TM2,Northern,5,113,K=4,Cluster4,1e-5
ST15L31,TM2,Northern,6,114,K=4,Cluster1,0.291359
ST15L31,TM2,Northern,6,114,K=4,Cluster2,0.514192
ST15L31,TM2,Northern,6,114,K=4,Cluster3,0.194439
ST15L31,TM2,Northern,6,114,K=4,Cluster4,1e-5
ST5L42,TM2,Northern,7,115,K=4,Cluster1,0.285706
ST5L42,TM2,Northern,7,115,K=4,Cluster2,0.525013
ST5L42,TM2,Northern,7,115,K=4,Cluster3,0.189271
ST5L42,TM2,Northern,7,115,K=4,Cluster4,1e-5
ST6L39,TM2,Northern,8,116,K=4,Cluster1,0.305991
ST6L39,TM2,Northern,8,116,K=4,Cluster2,0.503265
ST6L39,TM2,Northern,8,116,K=4,Cluster3,0.190734
ST6L39,TM2,Northern,8,116,K=4,Cluster4,1e-5
ST7L14,TM2,Northern,9,117,K=4,Cluster1,0.280396
ST7L14,TM2,Northern,9,117,K=4,Cluster2,0.526131
ST7L14,TM2,Northern,9,117,K=4,Cluster3,0.193463
ST7L14,TM2,Northern,9,117,K=4,Cluster4,1e-5
ST9L6,TM2,Northern,10,118,K=4,Cluster1,0.299092
ST9L6,TM2,Northern,10,118,K=4,Cluster2,0.517305
ST9L6,TM2,Northern,10,118,K=4,Cluster3,0.183592
ST9L6,TM2,Northern,10,118,K=4,Cluster4,1e-5
ST10L10,WV,Northern,1,119,K=4,Cluster1,1.9e-5
ST10L10,WV,Northern,1,119,K=4,Cluster2,0.639961
ST10L10,WV,Northern,1,119,K=4,Cluster3,0.36001
ST10L10,WV,Northern,1,119,K=4,Cluster4,1e-5
ST12L30,WV,Northern,2,120,K=4,Cluster1,1e-5
ST12L30,WV,Northern,2,120,K=4,Cluster2,0.631259
ST12L30,WV,Northern,2,120,K=4,Cluster3,0.368721
ST12L30,WV,Northern,2,120,K=4,Cluster4,1e-5
ST14L35,WV,Northern,3,121,K=4,Cluster1,1e-5
ST14L35,WV,Northern,3,121,K=4,Cluster2,0.626633
ST14L35,WV,Northern,3,121,K=4,Cluster3,0.373347
ST14L35,WV,Northern,3,121,K=4,Cluster4,1e-5
ST15L36,WV,Northern,4,122,K=4,Cluster1,1e-5
ST15L36,WV,Northern,4,122,K=4,Cluster2,0.628999
ST15L36,WV,Northern,4,122,K=4,Cluster3,0.370981
ST15L36,WV,Northern,4,122,K=4,Cluster4,1e-5
ST15L49,WV,Northern,5,123,K=4,Cluster1,1e-5
ST15L49,WV,Northern,5,123,K=4,Cluster2,0.627531
ST15L49,WV,Northern,5,123,K=4,Cluster3,0.372449
ST15L49,WV,Northern,5,123,K=4,Cluster4,1e-5
ST16L48,WV,Northern,6,124,K=4,Cluster1,1e-5
ST16L48,WV,Northern,6,124,K=4,Cluster2,0.624868
ST16L48,WV,Northern,6,124,K=4,Cluster3,0.375112
ST16L48,WV,Northern,6,124,K=4,Cluster4,1e-5
ST17L9,WV,Northern,7,125,K=4,Cluster1,1e-5
ST17L9,WV,Northern,7,125,K=4,Cluster2,0.626649
ST17L9,WV,Northern,7,125,K=4,Cluster3,0.373331
ST17L9,WV,Northern,7,125,K=4,Cluster4,1e-5
ST3L47,WV,Northern,8,126,K=4,Cluster1,1e-5
ST3L47,WV,Northern,8,126,K=4,Cluster2,0.640441
ST3L47,WV,Northern,8,126,K=4,Cluster3,0.359539
ST3L47,WV,Northern,8,126,K=4,Cluster4,1e-5
ST4L30,WV,Northern,9,127,K=4,Cluster1,1e-5
ST4L30,WV,Northern,9,127,K=4,Cluster2,0.639489
ST4L30,WV,Northern,9,127,K=4,Cluster3,0.360491
ST4L30,WV,Northern,9,127,K=4,Cluster4,1e-5
ST8L36,WV,Northern,10,128,K=4,Cluster1,1e-5
ST8L36,WV,Northern,10,128,K=4,Cluster2,0.618031
ST8L36,WV,Northern,10,128,K=4,Cluster3,0.38172
ST8L36,WV,Northern,10,128,K=4,Cluster4,2.39e-4
ST9L2,WV,Northern,11,129,K=4,Cluster1,1.1e-5
ST9L2,WV,Northern,11,129,K=4,Cluster2,0.632406
ST9L2,WV,Northern,11,129,K=4,Cluster3,0.367574
ST9L2,WV,Northern,11,129,K=4,Cluster4,1e-5
ST10L12,BH,Southern,1,130,K=4,Cluster1,0.931699
ST10L12,BH,Southern,1,130,K=4,Cluster2,0.023299
ST10L12,BH,Southern,1,130,K=4,Cluster3,0.033085
ST10L12,BH,Southern,1,130,K=4,Cluster4,0.011917
ST10L30,BH,Southern,2,131,K=4,Cluster1,0.954201
ST10L30,BH,Southern,2,131,K=4,Cluster2,0.017498
ST10L30,BH,Southern,2,131,K=4,Cluster3,0.028292
ST10L30,BH,Southern,2,131,K=4,Cluster4,1e-5
ST11L49,BH,Southern,3,132,K=4,Cluster1,0.905833
ST11L49,BH,Southern,3,132,K=4,Cluster2,0.072758
ST11L49,BH,Southern,3,132,K=4,Cluster3,0.021399
ST11L49,BH,Southern,3,132,K=4,Cluster4,1e-5
ST14L11,BH,Southern,4,133,K=4,Cluster1,0.946532
ST14L11,BH,Southern,4,133,K=4,Cluster2,0.034124
ST14L11,BH,Southern,4,133,K=4,Cluster3,0.019334
ST14L11,BH,Southern,4,133,K=4,Cluster4,1e-5
ST2L21,BH,Southern,5,134,K=4,Cluster1,0.933935
ST2L21,BH,Southern,5,134,K=4,Cluster2,0.025514
ST2L21,BH,Southern,5,134,K=4,Cluster3,0.036299
ST2L21,BH,Southern,5,134,K=4,Cluster4,0.004252
ST2L22,BH,Southern,6,135,K=4,Cluster1,0.939463
ST2L22,BH,Southern,6,135,K=4,Cluster2,0.024599
ST2L22,BH,Southern,6,135,K=4,Cluster3,0.035928
ST2L22,BH,Southern,6,135,K=4,Cluster4,1e-5
ST6L27,BH,Southern,7,136,K=4,Cluster1,0.938977
ST6L27,BH,Southern,7,136,K=4,Cluster2,0.03576
ST6L27,BH,Southern,7,136,K=4,Cluster3,0.021187
ST6L27,BH,Southern,7,136,K=4,Cluster4,0.004077
ST8L3,BH,Southern,8,137,K=4,Cluster1,0.93122
ST8L3,BH,Southern,8,137,K=4,Cluster2,0.016862
ST8L3,BH,Southern,8,137,K=4,Cluster3,0.030222
ST8L3,BH,Southern,8,137,K=4,Cluster4,0.021696
ST9L12,BH,Southern,9,138,K=4,Cluster1,0.936504
ST9L12,BH,Southern,9,138,K=4,Cluster2,0.002128
ST9L12,BH,Southern,9,138,K=4,Cluster3,0.039976
ST9L12,BH,Southern,9,138,K=4,Cluster4,0.021392
ST10L14,KC2,Southern,1,139,K=4,Cluster1,0.976082
ST10L14,KC2,Southern,1,139,K=4,Cluster2,0.001014
ST10L14,KC2,Southern,1,139,K=4,Cluster3,0.022894
ST10L14,KC2,Southern,1,139,K=4,Cluster4,1e-5
ST10L28,KC2,Southern,2,140,K=4,Cluster1,0.984598
ST10L28,KC2,Southern,2,140,K=4,Cluster2,1e-5
ST10L28,KC2,Southern,2,140,K=4,Cluster3,0.014963
ST10L28,KC2,Southern,2,140,K=4,Cluster4,4.29e-4
ST11L30X1,KC2,Southern,3,141,K=4,Cluster1,0.993737
ST11L30X1,KC2,Southern,3,141,K=4,Cluster2,1e-5
ST11L30X1,KC2,Southern,3,141,K=4,Cluster3,0.006243
ST11L30X1,KC2,Southern,3,141,K=4,Cluster4,1e-5
ST11L30X2,KC2,Southern,4,142,K=4,Cluster1,0.98919
ST11L30X2,KC2,Southern,4,142,K=4,Cluster2,1e-5
ST11L30X2,KC2,Southern,4,142,K=4,Cluster3,0.01079
ST11L30X2,KC2,Southern,4,142,K=4,Cluster4,1e-5
ST1L25,KC2,Southern,5,143,K=4,Cluster1,0.967087
ST1L25,KC2,Southern,5,143,K=4,Cluster2,1e-5
ST1L25,KC2,Southern,5,143,K=4,Cluster3,0.032893
ST1L25,KC2,Southern,5,143,K=4,Cluster4,1e-5
ST4L39,KC2,Southern,6,144,K=4,Cluster1,0.98326
ST4L39,KC2,Southern,6,144,K=4,Cluster2,1e-5
ST4L39,KC2,Southern,6,144,K=4,Cluster3,0.01672
ST4L39,KC2,Southern,6,144,K=4,Cluster4,1e-5
ST6L4,KC2,Southern,7,145,K=4,Cluster1,0.99997
ST6L4,KC2,Southern,7,145,K=4,Cluster2,1e-5
ST6L4,KC2,Southern,7,145,K=4,Cluster3,1e-5
ST6L4,KC2,Southern,7,145,K=4,Cluster4,1e-5
ST7L40,KC2,Southern,8,146,K=4,Cluster1,0.943956
ST7L40,KC2,Southern,8,146,K=4,Cluster2,0.015957
ST7L40,KC2,Southern,8,146,K=4,Cluster3,0.040077
ST7L40,KC2,Southern,8,146,K=4,Cluster4,1e-5
ST11L40,SQ,Southern,1,147,K=4,Cluster1,0.999599
ST11L40,SQ,Southern,1,147,K=4,Cluster2,1.87e-4
ST11L40,SQ,Southern,1,147,K=4,Cluster3,2.04e-4
ST11L40,SQ,Southern,1,147,K=4,Cluster4,1e-5
ST12L11,SQ,Southern,2,148,K=4,Cluster1,0.998399
ST12L11,SQ,Southern,2,148,K=4,Cluster2,1e-5
ST12L11,SQ,Southern,2,148,K=4,Cluster3,1e-5
ST12L11,SQ,Southern,2,148,K=4,Cluster4,0.001581
ST12L33,SQ,Southern,3,149,K=4,Cluster1,0.99997
ST12L33,SQ,Southern,3,149,K=4,Cluster2,1e-5
ST12L33,SQ,Southern,3,149,K=4,Cluster3,1e-5
ST12L33,SQ,Southern,3,149,K=4,Cluster4,1e-5
ST14L36,SQ,Southern,5,151,K=4,Cluster1,0.995414
ST14L36,SQ,Southern,5,151,K=4,Cluster2,0.001209
ST14L36,SQ,Southern,5,151,K=4,Cluster3,0.003367
ST14L36,SQ,Southern,5,151,K=4,Cluster4,1e-5
ST16L43,SQ,Southern,6,152,K=4,Cluster1,0.99997
ST16L43,SQ,Southern,6,152,K=4,Cluster2,1e-5
ST16L43,SQ,Southern,6,152,K=4,Cluster3,1e-5
ST16L43,SQ,Southern,6,152,K=4,Cluster4,1e-5
ST17L6,SQ,Southern,7,153,K=4,Cluster1,0.996967
ST17L6,SQ,Southern,7,153,K=4,Cluster2,1e-5
ST17L6,SQ,Southern,7,153,K=4,Cluster3,0.002068
ST17L6,SQ,Southern,7,153,K=4,Cluster4,9.54e-4
ST3L10,SQ,Southern,8,154,K=4,Cluster1,0.999969
ST3L10,SQ,Southern,8,154,K=4,Cluster2,1e-5
ST3L10,SQ,Southern,8,154,K=4,Cluster3,1e-5
ST3L10,SQ,Southern,8,154,K=4,Cluster4,1e-5
ST7L37,SQ,Southern,9,155,K=4,Cluster1,0.997294
ST7L37,SQ,Southern,9,155,K=4,Cluster2,1e-5
ST7L37,SQ,Southern,9,155,K=4,Cluster3,0.002686
ST7L37,SQ,Southern,9,155,K=4,Cluster4,1e-5
ST9L28,SQ,Southern,10,156,K=4,Cluster1,0.999969
ST9L28,SQ,Southern,10,156,K=4,Cluster2,1.1e-5
ST9L28,SQ,Southern,10,156,K=4,Cluster3,1e-5
ST9L28,SQ,Southern,10,156,K=4,Cluster4,1e-5
ST10L26,SQ,Southern,11,157,K=4,Cluster1,0.999968
ST10L26,SQ,Southern,11,157,K=4,Cluster2,1e-5
ST10L26,SQ,Southern,11,157,K=4,Cluster3,1.2e-5
ST10L26,SQ,Southern,11,157,K=4,Cluster4,1e-5
ST12L6,SQ,Southern,12,158,K=4,Cluster1,0.995741
ST12L6,SQ,Southern,12,158,K=4,Cluster2,0.004239
ST12L6,SQ,Southern,12,158,K=4,Cluster3,1e-5
ST12L6,SQ,Southern,12,158,K=4,Cluster4,1e-5
ST13L11,SQ,Southern,13,159,K=4,Cluster1,0.998632
ST13L11,SQ,Southern,13,159,K=4,Cluster2,1e-5
ST13L11,SQ,Southern,13,159,K=4,Cluster3,1e-5
ST13L11,SQ,Southern,13,159,K=4,Cluster4,0.001348
ST2L47,SQ,Southern,14,160,K=4,Cluster1,0.99706
ST2L47,SQ,Southern,14,160,K=4,Cluster2,7.2e-5
ST2L47,SQ,Southern,14,160,K=4,Cluster3,0.001089
ST2L47,SQ,Southern,14,160,K=4,Cluster4,0.00178
ST5L22,SQ,Southern,15,161,K=4,Cluster1,0.99997
ST5L22,SQ,Southern,15,161,K=4,Cluster2,1e-5
ST5L22,SQ,Southern,15,161,K=4,Cluster3,1e-5
ST5L22,SQ,Southern,15,161,K=4,Cluster4,1e-5
ST6L20,SQ,Southern,16,162,K=4,Cluster1,0.999758
ST6L20,SQ,Southern,16,162,K=4,Cluster2,1e-5
ST6L20,SQ,Southern,16,162,K=4,Cluster3,2.22e-4
ST6L20,SQ,Southern,16,162,K=4,Cluster4,1e-5
ST6L41,SQ,Southern,17,163,K=4,Cluster1,0.999969
ST6L41,SQ,Southern,17,163,K=4,Cluster2,1e-5
ST6L41,SQ,Southern,17,163,K=4,Cluster3,1e-5
ST6L41,SQ,Southern,17,163,K=4,Cluster4,1e-5
ST7L25,SQ,Southern,18,164,K=4,Cluster1,0.999739
ST7L25,SQ,Southern,18,164,K=4,Cluster2,1e-5
ST7L25,SQ,Southern,18,164,K=4,Cluster3,1e-5
ST7L25,SQ,Southern,18,164,K=4,Cluster4,2.41e-4
ST9L4,SQ,Southern,19,165,K=4,Cluster1,0.999968
ST9L4,SQ,Southern,19,165,K=4,Cluster2,1e-5
ST9L4,SQ,Southern,19,165,K=4,Cluster3,1.2e-5
ST9L4,SQ,Southern,19,165,K=4,Cluster4,1e-5
ST9L47,SQ,Southern,20,166,K=4,Cluster1,0.999524
ST9L47,SQ,Southern,20,166,K=4,Cluster2,1e-5
ST9L47,SQ,Southern,20,166,K=4,Cluster3,4.56e-4
ST9L47,SQ,Southern,20,166,K=4,Cluster4,1e-5
ST10L1,YO,Southern,1,167,K=4,Cluster1,0.797798
ST10L1,YO,Southern,1,167,K=4,Cluster2,1e-5
ST10L1,YO,Southern,1,167,K=4,Cluster3,0.002108
ST10L1,YO,Southern,1,167,K=4,Cluster4,0.200083
ST10L15,YO,Southern,2,168,K=4,Cluster1,0.834517
ST10L15,YO,Southern,2,168,K=4,Cluster2,1e-5
ST10L15,YO,Southern,2,168,K=4,Cluster3,0.002546
ST10L15,YO,Southern,2,168,K=4,Cluster4,0.162927
ST10L9,YO,Southern,3,169,K=4,Cluster1,0.849127
ST10L9,YO,Southern,3,169,K=4,Cluster2,1e-5
ST10L9,YO,Southern,3,169,K=4,Cluster3,1e-5
ST10L9,YO,Southern,3,169,K=4,Cluster4,0.150853
ST13L40,YO,Southern,4,170,K=4,Cluster1,0.84058
ST13L40,YO,Southern,4,170,K=4,Cluster2,1e-5
ST13L40,YO,Southern,4,170,K=4,Cluster3,1e-5
ST13L40,YO,Southern,4,170,K=4,Cluster4,0.1594
ST16L10,YO,Southern,5,171,K=4,Cluster1,0.828933
ST16L10,YO,Southern,5,171,K=4,Cluster2,1e-5
ST16L10,YO,Southern,5,171,K=4,Cluster3,1e-5
ST16L10,YO,Southern,5,171,K=4,Cluster4,0.171047
ST3L45,YO,Southern,7,173,K=4,Cluster1,0.833706
ST3L45,YO,Southern,7,173,K=4,Cluster2,1e-5
ST3L45,YO,Southern,7,173,K=4,Cluster3,0.006857
ST3L45,YO,Southern,7,173,K=4,Cluster4,0.159427
ST4L24,YO,Southern,8,174,K=4,Cluster1,0.771823
ST4L24,YO,Southern,8,174,K=4,Cluster2,1e-5
ST4L24,YO,Southern,8,174,K=4,Cluster3,0.015734
ST4L24,YO,Southern,8,174,K=4,Cluster4,0.212433
ST5L11,YO,Southern,9,175,K=4,Cluster1,0.840551
ST5L11,YO,Southern,9,175,K=4,Cluster2,0.005933
ST5L11,YO,Southern,9,175,K=4,Cluster3,0.00201
ST5L11,YO,Southern,9,175,K=4,Cluster4,0.151505
ST7L23,YO,Southern,10,176,K=4,Cluster1,0.829574
ST7L23,YO,Southern,10,176,K=4,Cluster2,1e-5
ST7L23,YO,Southern,10,176,K=4,Cluster3,0.01341
ST7L23,YO,Southern,10,176,K=4,Cluster4,0.157005
ST11L34,YO,Southern,11,177,K=4,Cluster1,0.856703
ST11L34,YO,Southern,11,177,K=4,Cluster2,1e-5
ST11L34,YO,Southern,11,177,K=4,Cluster3,1e-5
ST11L34,YO,Southern,11,177,K=4,Cluster4,0.143277
ST14L28,YO,Southern,12,178,K=4,Cluster1,0.843639
ST14L28,YO,Southern,12,178,K=4,Cluster2,1e-5
ST14L28,YO,Southern,12,178,K=4,Cluster3,0.014988
ST14L28,YO,Southern,12,178,K=4,Cluster4,0.141363
ST14L45,YO,Southern,13,179,K=4,Cluster1,0.861282
ST14L45,YO,Southern,13,179,K=4,Cluster2,1e-5
ST14L45,YO,Southern,13,179,K=4,Cluster3,1e-5
ST14L45,YO,Southern,13,179,K=4,Cluster4,0.138698
ST17L4,YO,Southern,14,180,K=4,Cluster1,0.798675
ST17L4,YO,Southern,14,180,K=4,Cluster2,1.1e-5
ST17L4,YO,Southern,14,180,K=4,Cluster3,1e-5
ST17L4,YO,Southern,14,180,K=4,Cluster4,0.201305
ST1L42,YO,Southern,15,181,K=4,Cluster1,0.85738
ST1L42,YO,Southern,15,181,K=4,Cluster2,1e-5
ST1L42,YO,Southern,15,181,K=4,Cluster3,1e-5
ST1L42,YO,Southern,15,181,K=4,Cluster4,0.1426
ST5L34,YO,Southern,16,182,K=4,Cluster1,0.852705
ST5L34,YO,Southern,16,182,K=4,Cluster2,1e-5
ST5L34,YO,Southern,16,182,K=4,Cluster3,1e-5
ST5L34,YO,Southern,16,182,K=4,Cluster4,0.147275
ST8L32,YO,Southern,17,183,K=4,Cluster1,0.866262
ST8L32,YO,Southern,17,183,K=4,Cluster2,1e-5
ST8L32,YO,Southern,17,183,K=4,Cluster3,0.006424
ST8L32,YO,Southern,17,183,K=4,Cluster4,0.127304
ST9L42,YO,Southern,18,184,K=4,Cluster1,0.853644
ST9L42,YO,Southern,18,184,K=4,Cluster2,1e-5
ST9L42,YO,Southern,18,184,K=4,Cluster3,1e-5
ST9L42,YO,Southern,18,184,K=4,Cluster4,0.146336
ST12L22,YO,Southern,19,185,K=4,Cluster1,0.878317
ST12L22,YO,Southern,19,185,K=4,Cluster2,1e-5
ST12L22,YO,Southern,19,185,K=4,Cluster3,1e-5
ST12L22,YO,Southern,19,185,K=4,Cluster4,0.121663
ST13L16,YO,Southern,20,186,K=4,Cluster1,0.845663
ST13L16,YO,Southern,20,186,K=4,Cluster2,1e-5
ST13L16,YO,Southern,20,186,K=4,Cluster3,0.006406
ST13L16,YO,Southern,20,186,K=4,Cluster4,0.147921
ST15L18,YO,Southern,21,187,K=4,Cluster1,0.864233
ST15L18,YO,Southern,21,187,K=4,Cluster2,1e-5
ST15L18,YO,Southern,21,187,K=4,Cluster3,1e-5
ST15L18,YO,Southern,21,187,K=4,Cluster4,0.135747
ST17L19,YO,Southern,22,188,K=4,Cluster1,0.878052
ST17L19,YO,Southern,22,188,K=4,Cluster2,1e-5
ST17L19,YO,Southern,22,188,K=4,Cluster3,1e-5
ST17L19,YO,Southern,22,188,K=4,Cluster4,0.121928
ST1L36,YO,Southern,23,189,K=4,Cluster1,0.867171
ST1L36,YO,Southern,23,189,K=4,Cluster2,0.002016
ST1L36,YO,Southern,23,189,K=4,Cluster3,1e-5
ST1L36,YO,Southern,23,189,K=4,Cluster4,0.130803
ST3L18,YO,Southern,24,190,K=4,Cluster1,0.866522
ST3L18,YO,Southern,24,190,K=4,Cluster2,1e-5
ST3L18,YO,Southern,24,190,K=4,Cluster3,0.009016
ST3L18,YO,Southern,24,190,K=4,Cluster4,0.124452
ST4L14,YO,Southern,25,191,K=4,Cluster1,0.872108
ST4L14,YO,Southern,25,191,K=4,Cluster2,1e-5
ST4L14,YO,Southern,25,191,K=4,Cluster3,0.004609
ST4L14,YO,Southern,25,191,K=4,Cluster4,0.123273
ST5L2D5,YO,Southern,26,192,K=4,Cluster1,0.860357
ST5L2D5,YO,Southern,26,192,K=4,Cluster2,1e-5
ST5L2D5,YO,Southern,26,192,K=4,Cluster3,0.002637
ST5L2D5,YO,Southern,26,192,K=4,Cluster4,0.136997
